Date,Country,Tournament,Participants,Winner
2025-02-16,New Zealand,Christchurch WCQ Regional,40,Oliver H.
2025-02-16,Canada,Fredericton WCQ Regional,80,
2025-02-16,United States,Greenville WCQ Regional,300,
2025-02-16,Bosnia and Herzegovina,Bosnian Open 2025,250,Luca B.
2025-02-16,France,Vire-Normandie WCQ Regional,148,Clément Amourgom
2025-02-15,Austria,St.Pölten WCQ Regional,73,Philipp Gastberger
2025-02-15,Germany,Dresden WCQ Regional,76,Yannik Akermann
2025-02-15,Luxembourg,Beggen WCQ Regional,230,MarcusMarks
2025-02-15,Iraq,Baghdad WCQ Regional,102,Yaswa Sairys
2025-02-15,United Kingdom,High Wycombe WCQ Regional,53,Matthew Jake Cane
2025-02-15,United Kingdom,Huddersfield WCQ Regional,60,Jamie Hunter
2025-02-15,Portugal,Porto WCQ Regional,43,Nuno Ribeiro
2025-02-15,Australia,Melbourne WCQ Regional,65,Geoff Monk
2025-02-15,Germany,Osnabrück WCQ Regional,80,[TMT] You go First
2025-02-15,United States,CoreTCG Remote Duel WCQ Regional,110,Thanh Dat Tran Nguyen
2025-02-15,United States,Anchorage WCQ Regional,14,Steven Lee
2025-02-15,United States,Yuma WCQ Regional,200,Jesus Alejandro Barrios
2025-02-15,United States,Little Rock WCQ Regional,200,Mitchell Ryan Garcia
2025-02-09,Canada,Montreal WCQ Regional,240,
2025-02-09,Costa Rica,San José WCQ Regional,300,
2025-02-08,Germany,Simbach WCQ Regional,80,Lukas Wilk
2025-02-08,United States,Oklahoma WCQ Regional,191,Houa Xiong
2025-02-08,United States,Columbus WCQ Regional,400,Spencer Kruse
2025-02-08,United States,Las Vegas WCQ Regional,220,Mitchell Martin
2025-02-08,Guam,Hagatna WCQ Regional,40,
2025-02-08,Germany,Schwandorf WCQ Regional,80,
2025-02-02,France,Le Kremlin-Bicêtre WCQ Regional,300,Ludovic Lefevre
2025-02-02,United Kingdom,Newcastle WCQ Regional,120,
2025-02-02,Italy,Roma WCQ Regional,128,Gianni Barone
2025-02-02,Italy,Milano WCQ Regional,130,Giuseppe Tarsitano
2025-02-02,Panama,Panama WCQ Regional,70,Jose Arrocha Castillo
2025-02-01,Switzerland,Winterthur WCQ Regional,89,Tom-Luca Menzel
2025-02-01,Canada,Winnipeg WCQ Regional,80,Gabriel Christopher Noel Neapew
2025-02-01,United States,Lubbock WCQ Regional,200,Israel Figueroa
2025-02-01,Ireland,Dublin WCQ Regional,50,
2025-02-01,Bolivia,La Paz WCQ Regional,120,Eddie Alba
2025-02-01,Chile,Concepción WCQ Regional,99,Jose-Pedro Opazo
2025-02-01,Mexico,Mexico City WCQ Regional,602,Misael Garcia
2025-02-01,Argentina,Buenos Aires WCQ Regional,163,Leandro Riolo
2025-01-26,Mexico,Monterrey WCQ Regional,250,Joan Saavedra
2025-01-26,Peru,Trujillo WCQ Regional,300,Gonzalo Catacora
2025-01-26,France,Saintes WCQ Regional,65,Donovan Leblanc
2025-01-26,Netherlands,Spijkenisse WCQ Regional,70,@Bart
2025-01-26,South Africa,Umhlanga WCQ Regional,80,Caleb Amos
2025-01-26,Italy,Palermo WCQ Regional,78,Matteo Mastroianni
2025-01-26,United States,Richmond WCQ Regional,184,Karan Sharma
2025-01-26,United States,Salem WCQ Regional,240,Matthew William Bauer
2025-01-25,Slovenia,Ljubljana WCQ Regional,53,Tevž
2025-01-25,Ecuador,Guayaquil WCQ Regional,150,Jordy David Moreira Gomez
2025-01-25,Spain,Gijón WCQ Regional,100,Cenzual González Francisco
2025-01-25,United States,Minneapolis WCQ Regional,240,Andrew Michael Luebke
2025-01-25,United States,Mobile WCQ Regional,200,Ranveer Singh Uppal
2025-01-25,United States,Santa Clara WCQ Regional,370,Julien Kehon
2025-01-25,United States,Project CCG Remote Duel WCQ Regional,140,Rudra Vidyasagar
2025-01-18,United States,Goodlettsville WCQ Regional,180,Matthew Huddleston
2025-01-12,United States,Salem WCQ Regional,105,Logan Johnson
2025-01-12,Italy,Bologna WCQ Regional,127,Ifran Khan
2025-01-12,United States,Des Moines WCQ Regional,180,Duncan Tucker
2025-01-12,United States,Lexington Remote WCQ Regional,148,Evan Hornick
2025-01-12,Italy,Bergamo WCQ Regional,200,Alessandro Boniolo
2025-01-12,United Kingdom,Peterborough WCQ Regional,100,Josh Kelly
2025-01-12,Guatemala,Guatemala WCQ Regional,130,Gabriel Martinez
2025-01-12,Ecuador,Guayaquil WCQ Regional,300,Jhon Guerrero
2025-01-12,Costa Rica,San Jose WCQ Regional,178,Juan Diego Gonzales
2025-01-11,Bulgaria,Sofia WCQ Regional,100,Georgi Asenov
2025-01-11,Mexico,Oaxaca de Juarez WCQ Regional,180,Christopher Alvarado
2025-01-11,United States,Columbus WCQ Regional,310,Andrew Wiggins
2025-01-11,France,Chateauroux WCQ Regional,128,Ilias Fassi
2025-01-11,Germany,Munich WCQ Regional,229,Felix Pfeiffer
2025-01-11,United Kingdom,Chelmsford WCQ Regional,80,Khaled Kbies
2025-01-11,Canada,Niagara Falls WCQ Regional,190,Adam Pruchnowski
2025-01-11,Canada,Vancouver WCQ Regional,130,Omid T.
2025-01-11,Spain,Spanish Open 2025,251,Daniel Gutierrez
2025-01-11,Germany,Montabaur WCQ Regional,508,Niko Schlierkamp
2025-01-11,United States,Hartford WCQ Regional,442,Emmanuel Rayford
2025-01-05,Italy,Italian Open 2025,512,Mario Tarantino
2025-01-05,Jamaica,Kingston WCQ Regional,80,
2025-01-05,Colombia,Cali WCQ Regional,180,Alejandro Rivera Caicedo
2025-01-05,Belgium,Charleroi WCQ Regional,400,Tim Gräfe
2025-01-05,United States,Lexington Remote Duel WCQ Regional,75,Evan Hornick
2025-01-05,United States,Greenville WCQ Regional,480,Aaron Levy
2025-01-05,United States,Rosemont WCQ Regional,400,Joe Dietrich
2025-01-05,Honduras,San Pedro Sula WCQ Regional,200,Nelson Andino
2025-01-04,United Kingdom,Newcastle Upon Tyne WCQ Regional,100,
2025-01-04,United Kingdom,Gateshead WCQ Regional,70,Andrew Thwaites
2025-01-04,Spain,Bilbao WCQ Regional,80,David Lara
2025-01-04,United States,Philadelphia WCQ Regional,706,Logan Shepard
2025-01-04,Canada,Saskatoon WCQ Regional,100,Ethan Senecal
2024-12-29,Israel,Tel Aviv WCQ Regional,71,Simon Hatav
2024-12-29,France,Lyon WCQ Regional,101,Ilias Fassi
2024-12-28,United States,Richmond WCQ Regional,400,Ian Louis Valle Aquino
2024-12-28,Chile,Santiago WCQ Regional,222,Sebastian Alonso Salvatierra Leiva
2024-12-22,Italy,Saronno WCQ Regional,108,Lorenzo Muselli
2024-12-22,Italy,Altamura WCQ Regional,104,Sonny Candeloro
2024-12-22,United States,Lexington Remote Duel WCQ Regional,75,Franco Persano
2024-12-21,France,Vitrolles WCQ Regional,139,Lucas Lancelot
2024-12-21,Greece,Thessaloniki  WCQ Regional,38,Karatis Christos
2024-12-21,United States,San Diego WCQ Regional,230,Jesus Barrio
2024-12-21,United States,Little Rock WCQ Regional,75,Brett Shirley
2024-12-21,United States,Lubbock WCQ Regional,400,Denny Ngo Vu
2024-12-21,United States,Pittsboro WCQ Regional,300,Justin Chase Russel
2024-12-15,Germany,German Open Frankfurt 2024,701,Michael Dürr
2024-12-15,United Kingdom,Birmingham WCQ Regional,150,Ben Sherman
2024-12-15,Mauritius,Port Louis WCQ Regional,50,Shaukat Raja
2024-12-15,Italy,Cecina WCQ Regional,100,Pietro Dardini
2024-12-15,Italy,Caserta WCQ Regional,140,Giovani Barone
2024-12-15,France,Saint Étienne WCQ Regional,120,Robin Vandenbrussche
2024-12-15,United States,Omaha WCQ Regional,240,George Lucas Sacco
2024-12-15,Nicaragua,Managua WCQ Regional,50,Ronald Pacheco
2024-12-15,Brazil,Curitiba WCQ Regional,90,Anderson Scharlau
2024-12-14,Portugal,Famalicão WCQ Regional,38,Jefferson Douglas
2024-12-14,United States,Project CCG Remote Duel WCQ Regional,100,Andrew Williams
2024-12-14,United Kingdom,Cardiff WCQ Regional,127,Nicholas Crees
2024-12-14,Spain,Valencia WCQ Regional,100,José Francisco Ricarte
2024-12-14,South Africa,Cape Town WCQ Regional,36,Blaine Harris
2024-12-14,Ireland,Cork WCQ Regional,50,Jordan Gallacher
2024-12-14,United States,Milwaukee WCQ Regional,200,Michael John Wagner
2024-12-14,United States,Spanish Fork WCQ Regional,250,Kevin Ponce
2024-12-14,United States,Kenner WCQ Regional,140,Trevor Glenn Commer
2024-12-14,United States,Hilo WCQ Regional,13,Aidan Ah Hee
2024-12-14,Mexico,Monterrey WCQ Regional,300,Victor Eduardo Figueroa Sanchez
2024-12-08,Spain,Sevilla WCQ Regional,64,Francisco Javier Garcia Ruiz
2024-12-08,Greece,Athens WCQ Regional,121,Giannis Petrou
2024-12-08,Peru,Piura WCQ Regional,200,Victor Andres Pachas Calle
2024-12-08,Brazil,Caruaru WCQ Regional,160,Marcelo Victor Batista da Silva
2024-12-07,Croatia,Zagreb WCQ Regional,80,Kajetan Krnel
2024-12-07,Spain,Badalona WCQ Regional,80,Anjuri Monje
2024-12-07,Uruguay,Montevideo WCQ Regional,120,
2024-12-07,Ecuador,Manta WCQ Regional,90,Juan Sebastian Andrade
2024-12-07,Chile,Antofagasta WCQ Regional,45,Gabriel Diaz
2024-12-07,Canada,Montreal WCQ Regional,131,Lucca Starnino
2024-12-07,United States,Minneapolis WCQ Regional,300,Micah John Brault
2024-12-07,United States,Rochester WCQ Regional,130,Timothy Anthony Nowak
2024-12-07,United Kingdom,Newcastle-under-Lyme WCQ Regional,55,Kris Fury
2024-12-07,Spain,Barcelona WCQ Regional,200,
2024-12-01,Hungary,Budapest WCQ Regional,129,
2024-12-01,Netherlands,Zoetermeer WCQ Regional,80,Han Atlamaz
2024-12-01,United Kingdom,Glasgow WCQ Regional,73,Julius Alesiunas
2024-12-01,Germany,Bonn WCQ Regional,491,Simon He
2024-12-01,Belgium,Jambes WCQ Regional,150,
2024-12-01,Bulgaria,Sofia WCQ Regional,90,
2024-12-01,Panama,Ciudad de Panama WCQ Regional,80,Brandon Chang
2024-12-01,Mexico,Guadalajara WCQ Regional,271,Victor Eduardo Figueroa Sanchez
2024-12-01,Brazil,Porto Alegre WCQ Regional,86,Leonardo Santos
2024-12-01,Argentina,Buenos Aires WCQ Regional,172,Miguel Mollo
2024-12-01,Trinidad and Tobago,Chaguanas WCQ Regional,115,Kezlon Sutherland
2024-11-30,Austria,Klagenfurt WCQ Regional,46,Leonardo D'Angelo
2024-11-30,Spain,Madrid WCQ Regional,68,Jose Miguel
2024-11-30,United Kingdom,Derry WCQ Regional,140,Raymond Gray
2024-11-30,South Africa,Johannesburg WCQ Regional,60,Hurbert Brauns
2024-11-24,United States,The Side Deck Remote Duel WCQ Regional,100,Luis Sanabria
2024-11-24,United States,South Park WCQ Regional,350,Andrew Hadfield
2024-11-24,Peru,Lima WCQ Regional,300,Wilfredo Teofilo Moyna
2024-11-24,Costa Rica,San Jose WCQ Regional,180,Juan Jose Rodriguez
2024-11-24,Colombia,Bogota WCQ Regional,180,Cristian Penagos Rojas
2024-11-24,Brazil,São Paulo WCQ Regional,200,Leonardo Vieira Martins
2024-11-23,United States,Oklahoma WCQ Regional,300,Aditya Dharap
2024-11-23,United States,Albuquerque WCQ Regional,100,Chase LeClair
2024-11-23,United States,Mobile WCQ Regional,280,Cameron Trice
2024-11-23,United States,Indianapolis WCQ Regional,620,Jason Willard Bal
2024-11-23,United States,Bozeman WCQ Regional,50,Donny Miller
2024-11-23,United States,Santa Clara WCQ Regional,500,Kenny Nguyen
2024-11-23,Bolivia,Cochabamba WCQ Regional,80,Edson Ramirez
2024-11-23,France,Nancy WCQ Regional,128,Amir Akloul
2024-11-17,Switzerland,Locarno WCQ Regional,128,Timoti Baggio
2024-11-17,Italy,Roma WCQ Regional,150,Vincenzo Orofino
2024-11-17,Italy,Messina WCQ Regional,100,
2024-11-17,Italy,Bologna WCQ Regional,150,
2024-11-17,Denmark,Odense WCQ Regional,50,Alan Smajlovic
2024-11-16,United Kingdom,Newtownards WCQ Regional,100,Dean Sanlon
2024-11-16,Switzerland,Winterthur WCQ Regional,81,Richard Schaber
2024-11-16,Portugal,Lisboa WCQ Regional,100,Jefferson Douglas
2024-11-16,New Zealand,Christchurch WCQ Regional,50,Andrew D.
2024-11-16,Italy,Milano WCQ Regional,50,Alessio Hu
2024-11-10,Italy,Concorezzo WCQ Regional,120,Esteban Re
2024-11-10,Germany,Braunschweig WCQ Regional,75,Tim Gräfe
2024-11-10,France,Rouen WCQ Regional,210,Gabriel Soussi
2024-11-10,El Salvador,San Salvador WCQ Regional,200,Moises Barrios
2024-11-10,Dominican Republic,Santo Domingo WCQ Regional,76,Gabriel Magdalena
2024-11-09,Netherlands,Dutch Open Utrecht 2024,300,Guillaume Maron
2024-11-09,United Kingdom,Windsor WCQ Regional,80,
2024-11-09,Guyana,Georgetown WCQ Regional,120,Lorenzo Persaud
2024-11-09,Mexico,Ciudad de México WCQ Regional,400,Victor Figueroa Sanchez
2024-11-09,Paraguay,Asuncion WCQ Regional,40,Alberto Barreto
2024-11-03,Poland,Poznań WCQ Regional,40,Marcin J.
2024-11-03,Netherlands,Eindhoven WCQ Regional,60,Lars Quaedackers
2024-11-03,Germany,Dinslaken WCQ Regional,211,Ben Kreutzkamp
2024-11-03,Mexico,León WCQ Regional,200,Juan Carlos Colonel Orozco
2024-11-02,United States,Bainbridge Remote WCQ Regional,140,Shunping Xu
2024-11-02,United States,Yuma WCQ Regional,250,Jackson Rauch
2024-11-02,United States,Houston WCQ Regional,250,William Candia
2024-11-02,United States,San Juan WCQ Regional,116,Mitchel Rosado
2024-11-02,United States,Boise WCQ Regional,62,Isaias Estrada
2024-11-01,Belgium,Antwerpen WCQ Regional,76,Laurens Steel
2024-10-27,United States,Ridgeland WCQ Regional,150,Daniel Thomley
2024-10-27,United States,The Side Deck Remote Duel WCQ Regional,130,Mario De Micco
2024-10-27,United States,Providence WCQ Regional,200,Zhiyuan Yin
2024-10-27,Australia,Melbourne WCQ Regional,110,Elliott Harris
2024-10-27,Australia,Cairns WCQ Regional,90,Stanley Loucks
2024-10-27,United Kingdom,Blackburn WCQ Regional,92,Qasim Khan
2024-10-27,Germany,Saarbrücken WCQ Regional,230,Neo Wolkober
2024-10-27,Australia,Orange WCQ Regional,80,Fox Chudleigh
2024-10-27,Germany,Lübeck WCQ Regional,100,Tim Gräfe
2024-10-27,Colombia,Barranquilla WCQ Regional,77,Jhon Meija
2024-10-27,Argentina,Rosario WCQ Regional,58,Juan Abregu
2024-10-26,Brazil,Brasilia WCQ Regional,43,Maunão Gabriel França
2024-10-26,Ireland,Letterkenny WCQ Regional,150,
2024-10-26,Romania,Ploiesti WCQ Regional,46,Stefan Stoica
2024-10-26,Mexico,Puebla WCQ Regional,300,Diego Benjamin SImental Carro
2024-10-26,Guam,Hagatna WCQ Regional,40,Micah Carlos
2024-10-26,United States,Anaheim WCQ Regional,320,Peyton McDowell
2024-10-26,Canada,Toronto WCQ Regional,210,Christopher Mark
2024-10-26,Canada,Calgary WCQ Regional,120,Zhenting Liu
2024-10-21,Israel,Herzliya WCQ Regional,80,Ido Yaakobi
2024-10-20,Switzerland,Ecublens WCQ Regional,93,Camille Roy
2024-10-20,Bosnia and Herzegovina,Tuzla WCQ Regional,55,Marko Bundalo
2024-10-20,Austria,Wien WCQ Regional,83,Tas Huseyin
2024-10-20,Peru,Tacna WCQ Regional,180,Jose Taipe
2024-10-20,United States,Las Vegas WCQ Regional,84,Jimy Meza
2024-10-20,United States,Hollywood WCQ Regional,160,Lazaro Jose Perez
2024-10-20,United States,Lexington Remote WCQ Regional,107,Shunping Xu
2024-10-20,Netherlands,Spijkenisse WCQ Regional,80,Joo-Ho Ahn
2024-10-20,Australia,Rockingham WCQ Regional,50,Campbell Caruthers
2024-10-20,Bulgaria,Plovdiv WCQ Regional,57,
2024-10-19,Slovenia,Ljubljana WCQ Regional,52,Nikola M.
2024-10-19,Ecuador,Quito WCQ Regional,106,Christopher Bernard Penafiel Ramire
2024-10-19,Canada,Halifax WCQ Regional,40,Angus Miller
2024-10-19,Canada,Prince George WCQ Regional,100,Matthew Mitchell
2024-10-19,United States,Fort Worth WCQ Regional,500,Aaron Mcinnes
2024-10-19,United States,Honolulu WCQ Regional,54,Matthew Thompson
2024-10-19,United States,Saint Peters WCQ Regional,120,Adam Damadzic
2024-10-19,United States,Seattle WCQ Regional,350,Tian Xiao Rong
2024-10-19,United States,Fargo WCQ Regional,120,Matthew Lee Walter
2024-10-19,United States,Wasilla WCQ Regional,130,
2024-10-19,United Kingdom,UK Open Peckham 2024,420,Andre Delury
2024-10-19,Australia,Adelaide WCQ Regional,110,Riley Cooper
2024-10-19,New Zealand,Auckland WCQ Regional,50,Liam O.
2024-10-19,Australia,Southport WCQ Regional,130,Lachlan Robertson
2024-10-13,France,Le Kremlin-Bicêtre WCQ Regional,250,Pierre Burgals
2024-10-13,United Kingdom,Dudley WCQ Regional,100,Ben Shaun Challoner
2024-10-12,Germany,Halle WCQ Regional,86,Umut Bayar
2024-10-12,Germany,Schwandorf WCQ Regional,140,Max Kräft
2024-10-12,Switzerland,Ostermundigen WCQ Regional,150,
2024-10-12,Germany,Lage WCQ Regional,90,Alexander Jin
2024-10-12,Germany,Berlin WCQ Regional,98,Kevin Bruder
2024-10-12,United Kingdom,Folkestone WCQ Regional,68,Nick Post
2024-10-12,United States,Bainbridge WCQ Regional,300,Levi James Dudley
2024-10-12,United States,Denver WCQ Regional,213,Sean Schneiter
2024-10-12,Switzerland,Swiss Open Bern 2024,195,Felix Pfeiffer
2024-09-29,United States,Richmond WCQ Regional,300,Tyler William Spencer
2024-09-29,United States,Fort Worth WCQ Regional,400,Nicolas Palma
2024-09-29,United States,The Side Deck Remote Duel WCQ Regional,150,Craig Garrick
2024-09-29,Costa Rica,San Jose WCQ Regional,300,Samuel Moya
2024-09-29,Venezuela,Guayana WCQ Regional,250,
2024-09-28,Canada,Calgary WCQ Regional,72,Jesse Hellwig
2024-09-28,United States,Rochester WCQ Regional,250,Logan Shepard
2024-09-28,United States,Louisville WCQ Regional,300,Kyle Lamont Lackey
2024-09-28,United States,Kissimmee WCQ Regional,350,Wilfredo Flores
2024-09-28,United States,Oakland WCQ Regional,550,Dale Carter
2024-09-22,United States,South Park WCQ Regional,250,Alexander Vaughan Hosler
2024-09-22,United States,Providence WCQ Regional,200,Michael Z.
2024-09-22,United States,The Side Deck Remote Duel WCQ Regional,101,Nicolai Mikhail Howlett
2024-09-22,Canada,Fredericton WCQ Regional,55,Patrick Paon
2024-09-22,United States,Seattle WCQ Regional,300,Tristan Bridges
2024-09-22,Trinidad and Tobago,San Fernando WCQ Regional,200,Sanjay Manoo
2024-09-22,Peru,Trujillo WCQ Regional,300,Jose Alzamora
2024-09-22,Mexico,Oaxaca WCQ Regional,180,Rodrigo Chavez
2024-09-22,Guatemala,Guatemala WCQ Regional,134,Fernando Vasquez
2024-09-22,Colombia,Medellín WCQ Regional,150,Santiago Marin Lopez
2024-09-22,Brazil,Arapiraca WCQ Regional,148,Icaro Nascimiento
2024-09-21,United States,Columbus WCQ Regional,328,Levi Moore
2024-09-21,United States,Des Moines WCQ Regional,200,Allen Meyer
2024-09-21,Canada,Winnipeg WCQ Regional,60,Rob D.
2024-09-21,United States,Glendale WCQ Regional,250,Alan Kwok
2024-09-21,Ecuador,Quito WCQ Regional,130,David Lopez
2024-09-21,Brazil,Belo Horizonte WCQ Regional,200,Johan Hallack
2024-09-21,Argentina,Buenos Aires WCQ Regional,171,Juan Abregu
2024-09-15,United States,Anchorage WCQ Regional,40,
2024-09-14,Mexico,Monterrey WCQ Regional,400,Juan Coronel Contreras
2024-09-14,Chile,Copiapo WCQ Regional,24,Michel Esteban Rodriguez
2024-09-14,United States,Bainbridge WCQ Regional,107,Levi James Dudley
2024-09-14,United States,South Portland WCQ Regional,160,Pierry Cange
2024-09-14,United States,The Side Deck Remote Duel WCQ Regional,102,Ryan Glassman
2024-09-14,United States,Albuquerque WCQ Regional,100,Ethan Forrest Noble
2024-09-14,United States,Philadelphia WCQ Regional,550,Francisco Shawnte Brown Santos
2024-09-14,United States,San Antonio WCQ Regional,350,Brian Keith Wooley
2024-09-14,United States,Milwaukee WCQ Regional,260,Corey Bown
2024-09-01,Peru,Lima WCQ Regional,400,Jesus Nava
2024-09-01,Nicaragua,Managua WCQ Regional,75,Emilio Veliz
2024-09-01,Mexico,Guadalajara WCQ Regional,280,Victor Figueroa Sanchez
2024-09-01,Mexico,Ensenada WCQ Regional,300,Jonathan Martinez
2024-09-01,Canada,Toronto WCQ Regional,198,
2024-09-01,United States,Salem WCQ Regional,151,
2024-09-01,United States,The Side Deck Remote Duel WCQ Regional,107,David I.
2024-08-31,Chile,Viña del Mar WCQ Regional,200,
2024-08-31,Brazil,Londrina WCQ Regional,80,
2024-08-31,United States,Goodlettsville WCQ Regional,200,Clifton Land
2024-08-31,United States,Kenner WCQ Regional,72,Trevor Commer
2024-08-31,United States,Rosemont WCQ Regional,298,Corey Bown
2024-08-31,United States,Hilo WCQ Regional,40,
2024-08-31,United States,Los Angeles WCQ Regional,350,Laurence Tung
2024-08-25,Canada,Burnaby WCQ Regional,131,Logan Johnson
2024-08-25,United States,Omaha WCQ Regional,152,Bruce Menard
2024-08-25,Panama,Ciudad de Panamá WCQ Regional,60,Roberto Fabrega
2024-08-25,Jamaica,Montego Bay WCQ Regional,80,
2024-08-25,Honduras,Tegucigalpa WCQ Regional,108,Luis Hernandez
2024-08-25,Colombia,Bogota WCQ Regional,214,Cristian Quiceno Laurente
2024-08-25,Brazil,Rio de Janeiro WCQ Regional,140,
2024-08-25,Brazil,Manaus WCQ Regional,100,
2024-08-24,United States,Hartford WCQ Regional,267,Elias Tsirogiannis
2024-08-24,United States,Honolulu WCQ Regional,66,Blake Garcia Bautista
2024-08-24,United States,Indianapolis WCQ Regional,300,Clifton Land
2024-08-24,United States,Fargo WCQ Regional,120,Larson Babauta
2024-08-24,United States,Houston WCQ Regional,250,Francisco Vargas
2024-08-24,Ecuador,Guayaquil WCQ Regional,170,Cristopher Bernard Penafiel Ramirez
2024-08-24,United States,Sandy WCQ Regional,120,Bill Y.
2024-08-24,Bolivia,La Paz WCQ Regional,200,Brandon Leon
2024-08-18,Mexico,Xalapa WCQ Regional,170,Benigno Lopez Sanchez
2024-08-18,El Salvador,San Salvador WCQ Regional,200,Josue Hernandez
2024-08-18,United States,Hollywood WCQ Regional,150,Donaldo Tirejo
2024-08-17,Uruguay,Montevideo WCQ Regional,150,Julian Alvarez
2024-08-17,Chile,Santiago WCQ Regional,300,
2024-08-17,Argentina,Mar del Plata WCQ Regional,55,Matias Acevedo
2024-08-17,United States,Saint Peters WCQ Regional,140,Alfred Danklefsen
2024-08-17,Puerto Rico,Aguadilla WCQ Regional,200,Jorge Pagan Diaz
2024-08-17,United States,Summersville WCQ Regional,160,
2024-08-17,Canada,Montreal WCQ Regional,118,Liborio Bobby Barone
2024-08-04,Dominican Republic,La Romana WCQ Regional,100,Elias Ramirez
2024-08-04,Mexico,Mexico City WCQ Regional,550,Alan Alejandro Rojas
2024-08-04,Brazil,Fortaleza WCQ Regional,160,Eduardo Fontenele
2024-08-04,United States,Pittsboro WCQ Regional,144,Michael Brandon Melvin
2024-08-04,United States,Ridgeland WCQ Regional,160,
2024-08-03,Guam,Hagatna WCQ Regional,35,Chris Unsiog
2024-08-03,Brazil,São Paulo WCQ Regional,128,Hengles Cruz
2024-08-03,Paraguay,Asuncion WCQ Regional,64,Oscar Palacios
2024-08-03,Mexico,Mazatlan WCQ Regional,76,Christopher Alvarado
2024-08-03,Guyana,Georgetown WCQ Regional,50,L. Persaud
2024-08-03,Canada,Prince George WCQ Regional,40,
2024-08-03,United States,Springfield WCQ Regional,300,Matthew Mastalarek
2024-08-03,United States,Boise WCQ Regional,80,Thomas Mitton
2024-08-03,United States,Hagatna WCQ Regional,40,
2024-08-03,United States,Project CCG Remote Duel WCQ Regional,96,Taylor Sullivan
2024-07-28,Costa Rica,Alajuela WCQ Regional,300,Kevin Martinez
2024-07-28,Colombia,Pereira WCQ Regional,200,Juan Garcia Rodriguez
2024-07-28,United States,The Side Deck Remote Duel WCQ Regional,240,Jacob Banuelos
2024-07-27,Canada,Niagara Falls WCQ Regional,260,Colin G.
2024-07-27,Canada,Halifax WCQ Regional,80,Brad Mclean
2024-07-27,United States,Greenville WCQ Regional,440,Liu Zhufeng
2024-07-27,United States,Minneapolis WCQ Regional,240,Keyner Romero
2024-07-27,United States,Lubbock WCQ Regional,220,Santiago Dinsmore
2024-06-30,United States,Omaha WCQ Regional,240,Nathan Mills Jr.
2024-06-29,United States,The Side Deck Remote Duel WCQ Regional,160,Steven Santoli
2024-06-23,United States,Indianapolis WCQ Regional,670,Logan Kite
2024-06-22,United States,The Side Deck Remote Duel WCQ Regional,200,James Allen Markowitz
2024-06-22,United States,Las Vegas WCQ Regional,184,Ruben Penaranda
2024-06-22,Canada,Niagara Falls WCQ Regional,350,Gannon Price
2024-06-16,United States,Columbus WCQ Regional,218,Joseph Romeo
2024-06-15,Canada,Dartmouth WCQ Regional,100,Brad M.
2024-06-15,United States,The Side Deck Remote Duel WCQ Regional,200,
2024-06-15,United States,Richmond WCQ Regional,432,Philip Harris
2024-06-15,United States,Lubbock WCQ Regional,150,Monny Weatherly
2024-06-15,United States,Philadelphia WCQ Regional,600,Pakawat Pamornsut
2024-06-09,United States,Hickory WCQ Regional,430,Tayveon Crowley
2024-06-09,United States,The Side Deck Remote Duel WCQ Regional,200,Ruben Penaranda
2024-06-08,United States,Providence WCQ Regional,320,Jose Santiago Torres
2024-06-08,Canada,Vancouver WCQ Regional,300,Logan Johnson
2024-06-08,United States,Tuscaloosa WCQ Regional,275,James Sheridan
2024-06-08,United States,Houston WCQ Regional,429,Colby Ford
2024-06-08,United States,Los Angeles WCQ Regional,1100,Neil Carty
2024-06-01,United States,Yuma WCQ Regional,350,Andy Vuong
2024-06-01,United States,Albuquerque WCQ Regional,100,Sean Schneiter
2024-06-01,Canada,Grande Prairie WCQ Regional,60,John Clapham
2024-05-26,Italy,Rovato WCQ Regional,89,Giacomo Sandri
2024-05-26,Italy,Modena WCQ Regional,100,Liu Shuchang
2024-05-26,United States,The Side Deck Remote Duel WCQ Regional,200,Brandon Elmore
2024-05-26,United States,Hollywood WCQ Regional,160,Christopher LeBlanc
2024-05-26,Netherlands,Arnhem WCQ Regional,100,Rafael Tengelidis
2024-05-25,United States,Saint Peters WCQ Regional,218,Dayne Glossner
2024-05-25,United States,Detroit WCQ Regional,400,Chase DeDomenic
2024-05-25,United States,Springfield WCQ Regional,340,Shunping Xu
2024-05-25,United States,Wasilla WCQ Regional,12,
2024-05-25,Switzerland,Bern WCQ Regional,154,Vincent Braun
2024-05-19,Germany,Düsseldorf WCQ Regional,120,
2024-05-19,Germany,Trier WCQ Regional,120,Tim Wintersig
2024-05-19,United States,Greenville WCQ Regional,504,David Golightly
2024-05-18,Hungary,Győr WCQ Regional,100,Alex Crihana
2024-05-18,Hungary,Győr WCQ Regional,80,
2024-05-18,Bulgaria,Sofia WCQ Regional,100,Viktor Yordanov
2024-05-18,Canada,Calgary WCQ Regional,120,
2024-05-18,United States,The Side Deck Remote Duel WCQ Regional,200,Santiago Lopez
2024-05-18,United States,Layton WCQ Regional,165,Eric Merkley
2024-05-18,United States,San Antonio WCQ Regional,264,Creighton Pree
2024-05-18,Puerto Rico,Aguadila WCQ Regional,300,Christian Salamanca
2024-05-18,United States,Fargo WCQ Regional,140,Justin Nesbit
2024-05-18,United States,Mendenhall WCQ Regional,165,David Golightly
2024-05-18,United States,Louisville WCQ Regional,400,Tanner Flora
2024-05-18,United States,Hilo WCQ Regional,60,Kyle Tagami
2024-05-18,Guam,Hagatna WCQ Regional,60,
2024-05-12,Spain,Leon WCQ Regional,100,
2024-05-12,Italy,Torino WCQ Regional,120,
2024-05-12,Italy,Catania WCQ Regional,60,
2024-05-12,Italy,Aversa WCQ Regional,70,Giuseppe Mincione
2024-05-12,Spain,León WCQ Regional,120,
2024-05-12,Bosnia and Herzegovina,Banjaluka WCQ Regional,80,Marko Miskic
2024-05-11,United States,The Side Deck Remote Duel WCQ Regional,150,Joshua Kippenberg
2024-05-11,United States,Burlington WCQ Regional,58,Minh Nguyen
2024-05-11,United States,Des Moines WCQ Regional,300,John Baker
2024-05-11,United States,San Diego WCQ Regional,439,Nicholas Hernandez
2024-05-11,United States,Little Rock WCQ Regional,180,Aaron Coker
2024-05-11,Canada,Toronto WCQ Regional,380,Ferruccio Anthony Sisti
2024-05-05,Germany,Karlsruhe WCQ Regional,150,Derouin Baptiste
2024-05-05,United States,Project CCG Remote Duel WCQ Regional,200,Austin Swartley
2024-05-05,United States,Seattle WCQ Regional,222,Darren Dyal
2024-05-05,Belgium,Antwerpen WCQ Regional,150,Bastien Magnee
2024-05-05,Italy,Italian Open 2024,494,Diego Ganzerli
2024-05-04,Italy,Roma WCQ Regional,130,Gianluca Vagnoni
2024-05-04,United States,Goodlettsville WCQ Regional,220,Dustin Wallace
2024-05-04,United States,Kenner WCQ Regional,120,Duy Nguyen
2024-05-04,United States,Honolulu WCQ Regional,120,Luis Angel Molina
2024-05-04,United States,Kissimmee WCQ Regional,600,Marcus Fontice
2024-05-04,United States,Hartford WCQ Regional,420,Kyle Botelho
2024-05-04,Canada,Prince George WCQ Regional,100,
2024-04-28,Italy,Nerviano WCQ Regional,121,Giuseppe Marra
2024-04-28,Bosnia and Herzegovina,Sarajevo WCQ Regional,80,Toni
2024-04-28,Italy,Bologna WCQ Regional,116,Diego Zilia
2024-04-28,Greece,Greek Open Peristeri 2024,303,Stavros Vitsentsatos
2024-04-28,United Kingdom,Ipswich WCQ Regional,80,Alex Cane
2024-04-28,Germany,Schweinfurt WCQ Regional,100,Ozun Dogruel
2024-04-28,Germany,Berlin WCQ Regional,259,Dinh Khang Pham
2024-04-28,France,Paris WCQ Regional,300,Sophiane Belkacem
2024-04-28,Australia,Cannington WCQ Regional,100,Leon Vo
2024-04-28,United States,Salem WCQ Regional,312,Logan Johnson
2024-04-28,United States,Rosemont WCQ Regional,400,Gabriel Andrade
2024-04-27,France,Reims WCQ Regional,120,Vincent Hammouche
2024-04-27,Ireland,Dublin WCQ Regional,100,Rafael Severin
2024-04-27,Germany,Löbau WCQ Regional,150,Alexander Schubert
2024-04-27,Croatia,Velika Gorica WCQ Regional,108,Karlo Lukic
2024-04-27,Australia,Greensborough WCQ Regional,58,Jack Hargreaves
2024-04-27,Canada,Montreal WCQ Regional,102,Matthew To
2024-04-27,United States,The Side Deck Remote Duel WCQ Regional,200,Jason Yuan
2024-04-27,United States,Fort Worth WCQ Regional,505,Jason Stinson
2024-04-27,United States,Bainbridge WCQ Regional,300,Brian Stevens
2024-04-21,Israel,Tel Aviv WCQ Regional,80,Gal Sonnenfield
2024-04-21,France,French Open Dunkerque 2024,736,Aurelien Goulley
2024-04-21,United Kingdom,Peterborough WCQ Regional,120,
2024-04-21,Germany,Jena WCQ Regional,120,
2024-04-21,Belgium,Westende WCQ Regional,80,Niels Vossen
2024-04-20,Spain,Madrid WCQ Regional,64,
2024-04-20,Australia,Modbury Heights WCQ Regional,100,
2024-04-15,Slovenia,Ljubljana WCQ Regional,60,Anze Beljan
2024-04-14,United States,The Side Deck Remote Duel WCQ Regional,160,Rafael Mariano Reich
2024-04-14,United States,Richmond WCQ Regional,432,Tyree Samuel Tinsley
2024-04-14,Bosnia and Herzegovina,Sarajevo WCQ Regional,80,
2024-04-14,United Kingdom,Aberdeen WCQ Regional,100,Jordan Gallacher
2024-04-14,Switzerland,Ecublens WCQ Regional,100,
2024-04-14,Italy,Perugia WCQ Regional,119,Flaminio Rossi
2024-04-13,France,Paris WCQ Regional,282,
2024-04-13,United States,Hartford WCQ Regional,420,William Rodriguez
2024-04-13,United States,Los Angeles WCQ Regional,713,Richard Carter
2024-04-13,United States,Tuscaloosa WCQ Regional,275,Trevor Commer
2024-04-13,Canada,Montreal WCQ Regional,150,Matthew Bishop
2024-04-13,France,Le Kremlin-Bicetre WCQ Regional,200,Baptiste Derouin
2024-04-13,United Kingdom,Brighton WCQ Regional,64,Ben Fisher
2024-04-13,United Kingdom,Newtownards WCQ Regional,100,
2024-04-13,Germany,Köln WCQ Regional,256,Ding Khan Pham
2024-04-13,Australia,Campbelltown WCQ Regional,60,Jackson Rolfe
2024-04-13,Australia,Melbourne WCQ Regional,80,Kai Ngu
2024-04-13,Hungary,Szeged WCQ Regional,100,Gergely Lázár
2024-04-13,Germany,Freiburg im Breisgau WCQ Regional,180,Daniel Stricker
2024-04-13,Austria,St. Pölten WCQ Regional,80,Julian Strassl
2024-04-07,Germany,Osnabruck WCQ Regional,124,Eric Topel
2024-04-07,France,Vire WCQ Regional,200,Arthur Chambraud
2024-04-07,France,Strasbourg WCQ Regional,200,
2024-04-07,United Kingdom,Melksham WCQ Regional,100,Joe Brudenell
2024-04-07,Italy,Abbiategrasso WCQ Regional,161,D. Giannoccaro
2024-04-06,Germany,Landshut WCQ Regional,108,David Pabst
2024-04-06,United States,The Side Deck Remote Duel WCQ Regional,160,Bruce Menard
2024-04-06,United States,Philadelphia WCQ Regional,500,Hagen Brandon James
2024-04-06,United States,Detroit WCQ Regional,381,Christopher Robert Wilson
2024-04-06,Canada,Toronto WCQ Regional,380,Zhengda Wen
2024-04-06,United Kingdom,Warrington WCQ Regional,80,Harry Foster
2024-04-06,Australia,Canberra WCQ Regional,100,Oscar Van Niekerk
2024-04-06,Bulgaria,Sofia WCQ Regional,100,
2024-04-06,Spain,Logrono WCQ Regional,200,
2024-03-31,United Kingdom,London WCQ Regional,300,Marcus Patel
2024-03-31,United Kingdom,Londonderry WCQ Regional,43,Peter Neeson
2024-03-31,France,Villeneuve-sur-Yonne WCQ Regional,150,Vincent Hammouche
2024-03-31,France,Rennes WCQ Regional,200,Jonathan Neveu
2024-03-31,Mexico,Guadalajara WCQ Regional,320,Giovanni Pavón
2024-03-31,United States,Hagatna WCQ Regional,60,
2024-03-31,United States,The Side Deck Remote Duel WCQ Regional,132,Austin K.
2024-03-30,Netherlands,Dutch Open Rotterdam 2024,334,Jan-Oliver Meyer
2024-03-30,Ireland,Waterford WCQ Regional,60,
2024-03-30,United Kingdom,Newton Aycliffe WCQ Regional,100,Kaime Hunter
2024-03-30,Austria,Klagenfurt WCQ Regional,50,Kmel Kajetan
2024-03-30,Uruguay,Montevideo WCQ Regional,90,Julian Alvarez
2024-03-30,Canada,Burnaby WCQ Regional,200,Hechen Ji
2024-03-30,United States,Indianapolis WCQ Regional,672,Elijah James Green
2024-03-30,United States,Catskill WCQ Regional,250,Jordan Ray B.
2024-03-30,United States,Providence WCQ Regional,320,Emilio Sebastian Burgara Rodriguez
2024-03-30,United States,Fort Worth WCQ Regional,506,Ricardo McBride
2024-03-24,Germany,German Open Frankfurt 2024,512,Maximilian Henn
2024-03-24,United States,The Side Deck Remote Duel WCQ Regional,160,Zhenting Liu
2024-03-24,United States,Milwaukee WCQ Regional,378,Tyler Christopher Pinnow
2024-03-24,United States,Salem WCQ Regional,312,Matthew William Bauer
2024-03-24,Italy,Rome WCQ Regional,181,Andrea Lucchesi
2024-03-24,Italy,Agrigento WCQ Regional,120,Manfredi Brusca
2024-03-24,Germany,Fritzlar WCQ Regional,150,Niklas Hanschen
2024-03-24,Germany,Maintal WCQ Regional,500,
2024-03-24,France,Nantes WCQ Regional,150,Clement Pontoizeau
2024-03-24,France,Mulhouse WCQ Regional,307,Fatrim Zeqiri
2024-03-24,Australia,Penrith WCQ Regional,87,Andre Yiu
2024-03-24,Costa Rica,San Jose WCQ Regional,336,
2024-03-24,Brazil,Sao Paulo WCQ Regional,250,Wangli Pancieri Campos
2024-03-23,United Kingdom,UK Open Cardiff 2024,440,Matthew Fisher
2024-03-23,Canada,Halifax WCQ Regional,126,Joshua K.
2024-03-23,Canada,Calgary WCQ Regional,122,Jesse Hellwig
2024-03-23,United States,Greenville WCQ Regional,504,Logan Kite
2024-03-23,United States,Louisville WCQ Regional,400,Chester Hawk Henson
2024-03-23,United Kingdom,Cardiff WCQ Regional,150,
2024-03-23,Spain,Palma de Mallorca WCQ Regional,100,
2024-03-23,Portugal,Lisboa WCQ Regional,80,Kostadin Kasabov
2024-03-23,Hungary,Budapest WCQ Regional,100,
2024-03-23,Germany,Rosenheim WCQ Regional,80,Daniel M.
2024-03-23,France,Calais WCQ Regional,150,
2024-03-23,Croatia,Zagreb WCQ Regional,60,Noel Tihic
2024-03-23,Bulgaria,Ruse WCQ Regional,80,
2024-03-23,Chile,Temuco WCQ Regional,57,Nicolas Alejandro Bustamante Carilao
2024-03-23,Argentina,Buenos Aires WCQ Regional,290,Franco Persano
2024-03-20,France,Ostwald WCQ Regional,200,Guillaume Venier
2024-03-17,Italy,Pisa WCQ Regional,69,Mattia Biliotti
2024-03-17,Italy,San Giovanni Lupatoto WCQ Regional,218,Alberto Barzan
2024-03-17,Italy,Salerno WCQ Regional,106,Marco Samo
2024-03-17,France,Remire-Montjoly WCQ Regional,50,
2024-03-17,Germany,Schorndorf WCQ Regional,420,Ridvan Veliqi
2024-03-17,Germany,Oberhausen WCQ Regional,150,Fabian Bär
2024-03-17,France,Avrille WCQ Regional,150,Axel Benoît
2024-03-17,Croatia,Split WCQ Regional,100,Ante Pavic
2024-03-17,Belgium,Jumet WCQ Regional,100,Kylian Schlachczikowski
2024-03-17,Albania,Tirana WCQ Regional,41,Ruben D.
2024-03-17,United States,South Park WCQ Regional,350,Brandon Freeman
2024-03-17,United States,Omaha WCQ Regional,240,Bruce Menard
2024-03-17,United States,Little Rock WCQ Regional,139,Denny Ngo Vu
2024-03-17,Peru,Trujillo WCQ Regional,300,César Wiese
2024-03-17,Nicaragua,Managua WCQ Regional,90,Edgar Garcia
2024-03-17,Mexico,Leon WCQ Regional,300,Diego Gomez Romero
2024-03-17,Honduras,San Pedro Sula WCQ Regional,200,Andrik D. Ferrufino
2024-03-17,Guatemala,Guatemala WCQ Regional,200,
2024-03-17,Colombia,Barranquilla WCQ Regional,120,Jorge Niebles
2024-03-17,Brazil,Porto Alegre WCQ Regional,200,Joao Vitor Hahn Laux
2024-03-17,Brazil,Manaus WCQ Regional,50,Emanuel De Araujo Costa
2024-03-17,Brazil,Caruaru WCQ Regional,200,Danilo Conserva Leao Mendes
2024-03-17,New Zealand,Christchurch WCQ Regional,50,Shawn Hu
2024-03-16,United Kingdom,Weston-Super-Mare WCQ Regional,88,Alex Moffatt
2024-03-16,United Kingdom,Huddersfield WCQ Regional,100,Ammad Raja
2024-03-16,Switzerland,Winterthur WCQ Regional,128,Koah Tran
2024-03-16,Portugal,Coimbra WCQ Regional,76,Igor Braga
2024-03-16,Poland,Poznan WCQ Regional,50,
2024-03-16,New Zealand,Wellington WCQ Regional,60,Nick Holloway
2024-03-16,France,Lyon WCQ Regional,357,Jeremy Bays
2024-03-16,Canada,Niagara Falls WCQ Regional,220,Matthew Brissenden
2024-03-16,Canada,Winnipeg WCQ Regional,130,Bazil Batise
2024-03-16,United States,The Side Deck Remote Duel WCQ Regional,169,Jason Yuan
2024-03-16,United States,Goodlettsville WCQ Regional,220,Isaiah Horner
2024-03-16,United States,Hilo WCQ Regional,60,Sean Michael Muraoka
2024-03-16,Mexico,Puebla WCQ Regional,434,Juan Daniel Juarez Nequiz
2024-03-16,Bolivia,Cochabamba WCQ Regional,89,Becarreza Castro
2024-03-16,Australia,Gold Coast WCQ Regional,60,Matthew Tong
2024-03-16,United States,Santa Clara WCQ Regional,562,Vittorio Enrique Genovese
2024-03-10,United Kingdom,Portsmouth WCQ Regional,50,Josh Kelly
2024-03-10,United Kingdom,Newcastle WCQ Regional,80,Nolan File
2024-03-10,South Africa,Cape Town WCQ Regional,80,
2024-03-10,Ireland,Dublin WCQ Regional,100,
2024-03-10,Germany,Dreieich WCQ Regional,328,Tim Bayer
2024-03-10,France,Besancon WCQ Regional,220,Baptiste Derouin
2024-03-10,Belgium,Aalst WCQ Regional,100,Pierre Tomenko
2024-03-10,Mexico,Merida WCQ Regional,188,Javier De Jesus Bernal
2024-03-10,El Salvador,San Salvador WCQ Regional,163,Wilfredo Avelenda
2024-03-10,Brazil,Curitiba WCQ Regional,80,Theo Victor Tavares
2024-03-10,Canada,Fredericton WCQ Regional,140,Royal Ghazzawi
2024-03-09,Slovenia,Ljubljana WCQ Regional,66,Anže Beljan
2024-03-09,United Kingdom,Hull WCQ Regional,60,Jamie Hunter
2024-03-09,Spain,Spanish Open 2024,231,Julio Valls
2024-03-09,South Africa,Kloof WCQ Regional,80,
2024-03-09,Germany,Recklinghausen WCQ Regional,100,Tziartzianis Thomas
2024-03-09,Mexico,Monterrey WCQ Regional,500,Hector Geovanni Ramirez
2024-03-09,Ecuador,Guayaquil WCQ Regional,200,Saimont Sela
2024-03-09,Chile,Santiago WCQ Regional,300,Jose Castillo Aramundi
2024-03-09,United States,The Side Deck Remote Duel WCQ Regional,152,Mert Ozbek
2024-03-09,United States,Seattle WCQ Regional,300,Logan Johnson
2024-03-09,United States,Houston WCQ Regional,620,Denis Nadas
2024-03-09,United States,Las Vegas WCQ Regional,300,Kody Masataka Manabe
2024-03-09,United States,Saint Peters WCQ Regional,242,Austin Myrick
2024-03-09,United States,South Portland WCQ Regional,230,Tej Amin
2024-03-09,United States,Honolulu WCQ Regional,80,Calvin Hoang
2024-03-09,United States,Stone Mountain WCQ Regional,500,Ashik Najib
2024-03-09,United States,Kissimmee WCQ Regional,340,Jonathan Garcia
2024-03-09,United States,Yuma WCQ Regional,350,Mitchell Martin
2024-03-09,United States,Fairbanks WCQ Regional,15,Kyle
2024-03-09,Canada,Montreal WCQ Regional,137,Liborio Bobby Barone
2024-03-02,France,Secondigny WCQ Regional,190,Yannis Colas
2024-02-25,Colombia,Bogota WCQ Regional,280,Cristian Danilo Penagos Rojas
2024-02-25,Peru,Arequipa WCQ Regional,250,Santiago Anaya Bermudez
2024-02-25,Brazil,Rio de Janeiro WCQ Regional,120,Pedro Henrique Nogueira
2024-02-25,France,Saint-Raphael WCQ Regional,120,Lucas Lancelot
2024-02-25,Spain,Cordoba WCQ Regional,72,Ricardo Pedraza
2024-02-24,Mexico,Tijuana WCQ Regional,250,Jonathan Espinoza
2024-02-24,Chile,Concepcion WCQ Regional,120,Benjamin Fernandez Guerra
2024-02-24,Venezuela,Maracaibo WCQ Regional,160,
2024-02-24,Mexico,Mexico City WCQ Regional,795,Alan Arturo Canchola
2024-02-24,Brazil,Brasilia WCQ Regional,72,Joao Carreira
2024-02-24,Panama,Ciudad de Panama WCQ Regional,80,Victor Vasquez
2024-02-24,France,Melesse WCQ Regional,204,Enzo Germain
2024-02-18,Argentina,Rosario WCQ Regional,140,Matias Lopez Raffaele
2024-02-18,Trinidad and Tobago,Chaguanas WCQ Regional,129,Joshua Walcott
2024-02-18,United Kingdom,Northampton WCQ Regional,100,Bhavin Patel
2024-02-18,Germany,Braunschweig WCQ Regional,100,Tom Menzel
2024-02-18,Germany,Klein Ronnau WCQ Regional,122,Max Timm
2024-02-18,United States,The Side Deck Remote Duel WCQ Regional,120,Derek Nguyen
2024-02-18,United States,Columbus WCQ Regional,600,Sean Pittman
2024-02-17,New Zealand,Hamilton WCQ Regional,45,Sinisa Blazic
2024-02-17,Ireland,Galway WCQ Regional,60,Sam Keady
2024-02-17,Germany,Pocking WCQ Regional,147,Daniel Hartmann
2024-02-17,Czech Republic,Ostrava-Moravska WCQ Regional,80,Adam Hajek
2024-02-17,Bulgaria,Plovdiv WCQ Regional,65,Veselin Dimitrov
2024-02-17,United States,Lubbock WCQ Regional,195,Denny Vu
2024-02-17,United States,Fargo WCQ Regional,120,Joseph Daniel Miskowiec
2024-02-17,United States,Springfield WCQ Regional,234,Tyler White
2024-02-17,United States,Boise WCQ Regional,72,Isaias Estrada
2024-02-17,United States,Lake Worth WCQ Regional,180,Zachary Finn
2024-02-16,New Zealand,Auckland WCQ Regional,50,Abigail English
2024-02-11,Netherlands,Zoetermeer WCQ Regional,120,Jaouad Rahmani
2024-02-11,Italy,Martignacco WCQ Regional,80,Davide Manai
2024-02-11,Italy,Taranto WCQ Regional,61,Antonio Espinar
2024-02-11,United States,Morgantown WCQ Regional,300,Daniel Peter Shogan
2024-02-11,Canada,Saskatoon WCQ Regional,120,Ethan Senecal
2024-02-11,Peru,Lima WCQ Regional,320,Ciro Lazo
2024-02-11,Dominican Republic,Santo Domingo WCQ Regional,60,Gabriel Magdalena
2024-02-10,United States,The Side Deck Remote WCQ Regional,160,Dylan Joshua Cram Walker
2024-02-10,United States,Sandy WCQ Regional,174,Kody Manabe
2024-02-10,United States,Rosemont WCQ Regional,570,Michael Cody Makela
2024-02-10,United States,Des Moines WCQ Regional,300,Bruce Edward Michael Menard
2024-02-10,Canada,Prince George WCQ Regional,60,
2024-02-10,United States,Bainbridge WCQ Regional,300,Levi James Dudley
2024-02-10,Ecuador,Quito WCQ Regional,132,Jonathan Leonel Salazar Torrez
2024-02-10,Paraguay,Asuncion WCQ Regional,60,Guillermo Pereira
2024-02-10,United Kingdom,Newcastle-under-Lyme WCQ Regional,80,Josh Jackson
2024-02-10,United Kingdom,Paisley WCQ Regional,80,Pavan Nahar
2024-02-10,Spain,Badalona WCQ Regional,120,Miguel Bendezu
2024-02-10,Germany,Halle WCQ Regional,105,Alex Pavlenko
2024-02-10,Germany,Vilsheim WCQ Regional,200,
2024-02-10,France,Paris WCQ Regional,150,Hakan Yozgat
2024-02-10,Croatia,Krapina WCQ Regional,100,Alen Kazalac
2024-01-28,France,Nimes WCQ Regional,117,Samir Bachar
2024-01-28,Netherlands,Dutch Open 2024,256,Vincent Hammouche
2024-01-28,Czech Republic,Prague WCQ Regional,100,
2024-01-27,Switzerland,Bern WCQ Regional,182,Timoti Baggio
2024-01-27,United Kingdom,Newton Abbot WCQ Regional,116,Ben Challoner
2024-01-27,Slovenia,Ljubljana WCQ Regional,80,Kac Mitjac
2024-01-27,Ireland,Dublin WCQ Regional,98,Adam Costellos
2024-01-27,France,Darnetal WCQ Regional,227,Guilhem Chicot
2024-01-27,Germany,Rosenheim WCQ Regional,64,David Pabst
2024-01-27,United States,Philadelphia WCQ Regional,650,Shunping Xu
2024-01-21,Belgium,Liege WCQ Regional,100,
2024-01-21,Canada,Winnipeg WCQ Regional,100,David
2024-01-21,United Kingdom,Chelmsford WCQ Regional,100,Vasco Dias
2024-01-21,Italy,Cesena WCQ Regional,120,Francesco Simoncelli
2024-01-21,Greece,Athens WCQ Regional,80,Giannis Tato
2024-01-21,Germany,Kaiserslautern WCQ Regional,256,Vincent Braun
2024-01-21,Mexico,Coatzacoalcos WCQ Regional,180,Daniel Molar Enero
2024-01-21,Honduras,San Pedro Sula WCQ Regional,106,Andrik Ferrufino
2024-01-21,Brazil,Sao Paulo WCQ Regional,275,Paulo Roberto Concalves da Silva
2024-01-21,United States,The Side Deck Gaming Café Remote WCQ Regional,110,Dylan Joshua Cram Walker
2024-01-20,Austria,Austrian Open 2024,152,Paul Huebmer
2024-01-20,Switzerland,Winterthur WCQ Regional,114,Koah Tran
2024-01-20,Bulgaria,Sofia WCQ Regional,100,Simeon Stanev
2024-01-20,Australia,Brisbane WCQ Regional,101,Lachlan Robertson
2024-01-20,Australia,Tuggerah WCQ Regional,88,Jackson Rolfe
2024-01-20,Mexico,Hermosillo WCQ Regional,250,Josue Hernandez Luna
2024-01-20,Chile,Santiago WCQ Regional,300,Matias Valentino Fica
2024-01-20,Bolivia,Cochabamba WCQ Regional,250,Eddie Alba
2024-01-20,United States,Catskill WCQ Regional,302,Elias Tsirogiannis
2024-01-20,Croatia,Samobor WCQ Regional,138,Luka Forjan
2024-01-14,France,Nantes WCQ Regional,128,Mathias Quatreville
2024-01-14,Mexico,Guadalajara WCQ Regional,352,Jair Antonio Tadeo
2024-01-14,Costa Rica,San Jose WCQ Regional,335,Fabian Arce
2024-01-14,Colombia,Bogota WCQ Regional,292,Santiago Marin Lopez
2024-01-14,Italy,Silea WCQ Regional,110,Marco Fonda
2024-01-14,Italy,Foggia WCQ Regional,106,Flavio Palumbo
2024-01-14,Germany,Maintal-Bischofsheim WCQ Regional,442,Anthony Lopes
2024-01-14,France,Hantay WCQ Regional,200,Kevin Senechal
2024-01-14,United States,The Side Deck Gaming Café Remote WCQ Regional,100,Samuel Woodhouse
2024-01-13,Uruguay,Montevideo WCQ Regional,120,Maximiliano Roca
2024-01-13,Chile,Antofagasta WCQ Regional,128,Alvaro Rojas Flores
2024-01-13,United Kingdom,Sheffield WCQ Regional,143,Luke Tyler
2024-01-13,South Africa,Pretoria WCQ Regional,50,Triston
2024-01-13,Hungary,Budapest WCQ Regional,91,Bence Molnár
2024-01-13,United States,Providence WCQ Regional,250,Joseph Gilbert
2024-01-07,United States,Arkham Remote WCQ Regional,100,Mert Ozbek
2024-01-07,United States,Springfield WCQ Regional,300,Mina Anis
2024-01-07,United States,Richmond WCQ Regional,322,Nicholas Natalello
2024-01-07,United Kingdom,Birmingham WCQ Regional,150,Luke Tyler
2024-01-07,Italy,Italian Open 2024,474,Alessandro Fiorito
2024-01-07,Germany,German Open 2024,512,Felix Pfeiffer
2024-01-06,Sweden,Stockholm WCQ Regional,60,Rasmus Bardh
2024-01-06,Canada,Burnaby WCQ Regional,156,Shi Ming Du
2024-01-06,Ecuador,Quito WCQ Regional,165,Jhon Guerrero
2024-01-06,Canada,Montreal WCQ Regional,214,Lucca Augusto Stamino
2024-01-06,United States,Oklahoma WCQ Regional,500,Connor Kious
2024-01-06,United States,Utah WCQ Regional,150,Pakawat Pamornsut
2024-01-06,Mexico,Cancun WCQ Regional,147,Geovanni Romero
2024-01-06,Austria,Klagenfurt WCQ Regional,57,Jakob Kovacs
2023-12-31,United States,Stay Weird Gaming Remote WCQ Regional,100,Joseph Luis
2023-12-23,United States,The Side Deck Gaming Café Remote WCQ Regional,100,Shunping Xu
2023-12-17,Australia,Sydney WCQ Regional,64,Kalist Uremovic
2023-12-17,Dominican Republic,Santo Domingo WCQ Regional,120,
2023-12-17,Panama,Ciudad de Panamá WCQ Regional,120,Carlos De Garcia
2023-12-17,Brazil,Curitiba WCQ Regional,100,Gustavo Dos Santos
2023-12-17,France,Saint Étienne WCQ Regional,116,Pierre Burgals
2023-12-17,Canada,Saskatoon WCQ Regional,93,Zach
2023-12-17,United States,Las Vegas WCQ Regional,250,Walter Jule
2023-12-16,Slovenia,Ljubljana WCQ Regional,80,Rok Najdic
2023-12-16,United States,The Side Deck Remote WCQ Regional,100,Jaden Xu
2023-12-16,United States,Fort Worth WCQ Regional,469,Steven Trifunoski
2023-12-16,United States,Columbus WCQ Regional,500,Anthony Sciulli
2023-12-16,United States,Bainbridge WCQ Regional,450,Minsu Park
2023-12-16,United States,Fayetteville WCQ Regional,120,Jake Trapp
2023-12-10,Canada,Niagara Falls WCQ Regional,150,Matthew Vanden-Heuvel
2023-12-10,Spain,Barcelona WCQ Regional,150,
2023-12-10,Peru,Trujillo WCQ Regional,256,Yrvin Hernández
2023-12-10,Brazil,Arapiraca WCQ Regional,160,Hugo R.
2023-12-10,United States,The Side Deck Gaming Café Remote WCQ Regional,80,William Wesley
2023-12-09,Argentina,Mar del Plata WCQ Regional,61,Franco Persano
2023-12-09,United States,New York WCQ Regional,450,Deshon Lloyd
2023-12-09,United States,Los Angeles WCQ Regional,688,Alexander Igarashi
2023-12-09,Australia,Melbourne WCQ Regional,58,Ashoka Garin-Michaud
2023-12-03,Bulgaria,Sofia WCQ Regional,51,Aleksander Gerasimov
2023-12-03,Italy,Pescara WCQ Regional,150,
2023-12-03,Belgium,Antwerpen WCQ Regional,150,Florian Deken
2023-12-03,Germany,Rheine WCQ Regional,128,Dennis Block
2023-12-03,Nicaragua,Managua WCQ Regional,100,Dexter Sequeira
2023-12-03,Mexico,Querétaro WCQ Regional,400,Roberto Lopez Arce
2023-12-03,Jamaica,Montego Bay WCQ Regional,60,Floyd Taylor
2023-12-03,Italy,Bergamo WCQ Regional,100,Giuseppe Marra
2023-12-03,United States,Stay Weird Gaming Remote WCQ Regional,65,Shunping Xu
2023-12-02,Finland,Vantaa WCQ Regional,35,Daniel Borgsten
2023-12-02,Croatia,Zagreb WCQ Regional,76,Srdan Mihajlović
2023-12-02,United States,Lake Worth WCQ Regional,200,Carlos Luis Moreno
2023-12-02,Germany,Berlin WCQ Regional,250,Manaff Alassani
2023-12-02,United Kingdom,London WCQ Regional,300,Po Ma
2023-12-02,United States,Indianapolis WCQ Regional,650,Jongwon Lee
2023-12-02,United States,Greenville WCQ Regional,500,Frank Nicola
2023-12-02,United States,Seattle WCQ Regional,400,Kevin Tong
2023-11-26,France,Bégles WCQ Regional,185,Adrien J.
2023-11-26,Spain,Valencia WCQ Regional,100,Georgi Danev
2023-11-26,Italy,Firenze WCQ Regional,200,
2023-11-26,Italy,Stradella WCQ Regional,160,Daniele Balbo
2023-11-26,Portugal,Amadora WCQ Regional,80,Ian Azevedo
2023-11-26,Netherlands,Spijkenisse WCQ Regional,80,Conor Zhou
2023-11-26,Netherlands,Eindhoven WCQ Regional,80,Joel Trausi
2023-11-26,Ireland,Letterkenny WCQ Regional,100,Lillie Fitzgerald
2023-11-26,Germany,Oranienburg WCQ Regional,80,Jann Marten
2023-11-26,France,Seurre WCQ Regional,225,Lucas Lancelot
2023-11-26,Bosnia and Herzegovina,Banjaluka WCQ Regional,50,Srdan Mihajlovic
2023-11-26,El Salvador,San Salvador WCQ Regional,158,Christian Escalante
2023-11-26,Trinidad and Tobago,Trinidad and Tobago WCQ Regional,88,Jacob Jules
2023-11-26,United Kingdom,Norwich WCQ Regional,100,Jacob Sabell
2023-11-26,United Kingdom,Glasgow WCQ Regional,129,James Woodward
2023-11-25,Germany,München WCQ Regional,150,Can Tari
2023-11-25,Venezuela,Valencia WCQ Regional,100,Winder Carrero
2023-11-25,Brazil,Belo Horizonte WCQ Regional,200,Gabriel Martins
2023-11-25,New Zealand,Christchurch WCQ Regional,50,Brayden G.
2023-11-18,Poland,Warszawa WCQ Regional,53,Romecki Jakub
2023-11-12,France,Tomblaine WCQ Regional,150,Paul Nicolas
2023-11-12,United States,Omaha WCQ Regional,200,Kailyn Cooksey Garcia
2023-11-12,United States,Hartford WCQ Regional,260,Will Rodriguez
2023-11-12,United States,Waffles and Enthusiasm Remote WCQ Regional,100,Shunping Xu
2023-11-12,Peru,Lima WCQ Regional,400,Adrián Vizarraga
2023-11-12,Mexico,Monterrey WCQ Regional,300,Carlos Bernal Prieto
2023-11-12,Guatemala,Guatemala WCQ Regional,250,Brandon Morales
2023-11-12,Costa Rica,Heredia WCQ Regional,130,Kevin Martinez
2023-11-12,Colombia,Pereira WCQ Regional,100,Leonardo Nieto
2023-11-12,Brazil,Rio de Janeiro WCQ Regional,120,Johan Hallack
2023-11-11,Canada,Halifax WCQ Regional,100,Solemn Circus
2023-11-11,Canada,Toronto WCQ Regional,350,Jonathan Phillip
2023-11-11,France,Créteil WCQ Regional,644,Brice Dodeller
2023-11-11,United States,The Side Deck Gaming Cafe Remote WCQ Regional,100,Emmanuel Lilly
2023-11-11,United States,Houston WCQ Regional,600,Lucas Sacco
2023-11-11,United States,Mendenhall WCQ Regional,150,John Goad
2023-11-11,United States,Lexington WCQ Regional,450,Joseph Gold
2023-11-11,United States,Kissimmee WCQ Regional,347,Javier Soto
2023-11-11,Paraguay,Asunción WCQ Regional,50,Matias Garcia
2023-11-11,Mexico,Mexico City WCQ Regional,800,Daniel Nequiz
2023-11-11,Ecuador,Guayaquil WCQ Regional,170,Luis Cada
2023-11-11,Brazil,Vitória WCQ Regional,60,Matheus Vieira
2023-11-11,Argentina,Buenos Aires WCQ Regional,101,Tomas Dughera
2023-11-05,Bulgaria,Veliko Tarnovo WCQ Regional,200,Atanas Nikolov
2023-11-05,New Zealand,Hamilton WCQ Regional,33,Matt W.
2023-11-05,Netherlands,Utrecht WCQ Regional,84,Luuk Vermeulen
2023-11-04,Spain,Chiclana WCQ Regional,100,Sergio García Castaño
2023-11-04,United Kingdom,UK Open Manchester 2023,374,Karan Jaspal
2023-11-04,United States,Santa Clara WCQ Regional,490,Jesse Simnegar
2023-11-04,United States,Honolulu WCQ Regional,100,Matthew Thompson
2023-11-04,United States,Albuquerque WCQ Regional,80,Ethan Noble
2023-11-04,Germany,Augsburg WCQ Regional,100,David Pabst
2023-10-29,United States,Arkham Remote WCQ Regional,75,Nathaniel Leduc
2023-10-29,Canada,Fredericton WCQ Regional,150,Brenden W.
2023-10-29,United States,Salem WCQ Regional,250,Matthew Bauer
2023-10-29,Norway,Oslo WCQ Regional,100,Unknown Duelist
2023-10-29,Italy,Modena WCQ Regional,79,Matteo Altemura
2023-10-29,United States,Hollywood WCQ Regional,107,Carlos Luis Perozo Moreno
2023-10-29,Guam,Hagatna WCQ Regional,40,
2023-10-28,Canada,Calgary WCQ Regional,75,Ian Emmerson Smith
2023-10-28,United States,Knoxville WCQ Regional,400,Dalton Oaks
2023-10-28,Spain,Zaragoza WCQ Regional,70,Carlos Montilla
2023-10-28,United States,Hilo WCQ Regional,19,Dante Lawrence
2023-10-28,United States,Des Moines WCQ Regional,300,
2023-10-28,United States,Glendale WCQ Regional,250,Tobie Pickell
2023-10-28,United States,Lubbock WCQ Regional,360,Aaron Patino
2023-10-28,Germany,Jena WCQ Regional,100,
2023-10-28,Hungary,Győr WCQ Regional,64,Gabor Maros
2023-10-22,United Kingdom,Stockton-on-Tees WCQ Regional,128,Terrence Williamson
2023-10-22,Italy,Latina WCQ Regional,105,Gianni Baronne
2023-10-22,Greece,Thessaloniki WCQ Regional,46,Manolis Savoulidis
2023-10-21,United Kingdom,Cardiff WCQ Regional,150,Ammad Raja
2023-10-21,Germany,Köln WCQ Regional,230,Ben Kreutzkamp
2023-10-12,Spain,Barcelona WCQ Regional,200,Jordi Wang
2023-10-08,United States,Hartford WCQ Regional,400,Matthew Beck
2023-10-08,United Arab Emirates,Jumeirah WCQ Regional,100,
2023-10-08,Spain,Alicante WCQ Regional,98,
2023-10-08,Slovenia,Ljubljana WCQ Regional,87,Tevž Kadiš
2023-10-08,Italy,Forlì WCQ Regional,148,Andrea Dal Monte
2023-10-08,Ireland,Dublin WCQ Regional,150,Mungo Harris
2023-10-08,France,Lyon WCQ Regional,200,Vanille
2023-10-08,France,Gisors WCQ Regional,120,Maron Guillaume
2023-10-08,France,Montpellier WCQ Regional,120,Marwane Toury
2023-10-08,France,Thionville WCQ Regional,188,William Linard
2023-10-08,Bosnia and Herzegovina,Sarajevo WCQ Regional,75,Marko Šego
2023-10-08,Austria,Wien WCQ Regional,80,Thomas Becker
2023-10-08,Australia,Braybrook WCQ Regional,64,
2023-10-08,Canada,Burnaby WCQ Regional,200,Daniel Ramirez
2023-10-08,Colombia,Medellín WCQ Regional,200,Camilo Rojas
2023-10-08,Brazil,Rio de Janeiro WCQ Regional,150,Márcio
2023-10-08,Peru,Tacna WCQ Regional,300,
2023-10-08,Brazil,Manaus WCQ Regional,150,Emanuel Araujo
2023-10-08,Argentina,Rosario WCQ Regional,132,Joaquin Pojaghi
2023-10-08,Australia,Melbourne WCQ Regional,69,Dominic Italiano
2023-10-07,United States,Des Moines WCQ Regional,300,Micah Brault
2023-10-07,United Kingdom,Canterbury WCQ Regional,150,Vasco Diaz
2023-10-07,United States,Seattle WCQ Regional,305,Jeremy Glassman
2023-10-07,United States,The Side Deck Remote Duel WCQ Regional,100,William McCord
2023-10-07,United Kingdom,Castleford WCQ Regional,120,Euan Byrom
2023-10-07,Switzerland,Locarno WCQ Regional,100,Dario Gaffuri
2023-10-07,Switzerland,Bern WCQ Regional,172,Alexandre Benyekkou
2023-10-07,Portugal,Vila Nova de Famalicão WCQ Regional,48,
2023-10-07,New Zealand,Wellington WCQ Regional,50,
2023-10-07,Italy,Salerno WCQ Regional,150,Francesco Saverio
2023-10-07,Italy,Rome WCQ Regional,100,
2023-10-07,Hungary,Debrecen WCQ Regional,100,Kien Hoang
2023-10-07,Greece,Irakleio WCQ Regional,90,
2023-10-07,Germany,Mönchengladbach WCQ Regional,150,Philipp Steffens
2023-10-07,Germany,Mayen WCQ Regional,120,
2023-10-07,Germany,Rostock WCQ Regional,73,Colin Friedrichs
2023-10-07,France,Vitrolles WCQ Regional,147,
2023-10-07,Croatia,Poreč WCQ Regional,80,
2023-10-07,Bulgaria,Plovdiv WCQ Regional,64,
2023-10-07,Austria,Klagenfurt WCQ Regional,48,Sebastian Hochfellner
2023-10-07,Australia,Adelaide WCQ Regional,100,
2023-10-07,Australia,Logan City WCQ Regional,100,Rogan Gilbertson
2023-10-07,United States,Niagara Falls WCQ Regional,220,Hanko Chow
2023-10-07,Venezuela,Puerto Ordaz WCQ Regional,150,
2023-10-07,Bolivia,Santa Cruz de La Sierra WCQ Regional,300,
2023-10-07,Brazil,Belo Horizonte WCQ Regional,200,Gui Veríssimo
2023-10-03,Germany,Marburg WCQ Regional,150,Semih Mih
2023-10-01,Israel,Herzliya WCQ Regional,80,Yonatan Ozkaragoz
2023-10-01,Portugal,Porto WCQ Regional,200,
2023-10-01,Mexico,Coatzacoalcos Remote WCQ Regional,100,
2023-10-01,Mexico,Guadalajara WCQ Regional,350,Roberto Zavaleta
2023-10-01,Costa Rica,San José WCQ Regional,256,Cesar Saborio Sequeira
2023-10-01,Dominican Republic,Santo Domingo WCQ Regional,94,Johan Ruiz
2023-10-01,Chile,Copiapó WCQ Regional,200,
2023-10-01,Brazil,Curitiba WCQ Regional,100,Alec Anzini
2023-10-01,Brazil,São Paulo WCQ Regional,300,
2023-10-01,United States,Columbus WCQ Regional,450,Connor Mitchell
2023-09-30,Canada,Moncton WCQ Regional,80,Thomas Hong
2023-09-30,Spain,Sevilla WCQ Regional,80,
2023-09-30,Spain,Cartagena WCQ Regional,125,
2023-09-30,New Zealand,Dunedin WCQ Regional,30,
2023-09-30,Greece,Marousi WCQ Regional,100,
2023-09-30,Australia,Strathpine WCQ Regional,100,
2023-09-30,United States,Orange WCQ Regional,64,Lewis Qin
2023-09-30,Mexico,Monterrey WCQ Regional,500,Guillermo Mora
2023-09-30,Mexico,Mazatlán WCQ Regional,100,
2023-09-30,Brazil,Brasília WCQ Regional,96,Gabriel Nóbrega
2023-09-30,United States,The Side Deck Remote WCQ Regional,100,Matthew Mastalarek
2023-09-30,United States,Greenville WCQ Regional,396,Johnson Mitchell
2023-09-30,United States,Minneapolis WCQ Regional,200,Darian Hahn
2023-09-30,United States,Los Angeles WCQ Regional,835,Kody Manabe
2023-09-23,South Africa,South Africa Open WCQ Regional,128,
2023-09-17,French Guiana,Rémire-Montjoly WCQ Regional,100,
2023-09-17,Israel,Tel Aviv WCQ Regional,80,
2023-09-17,Brazil,Caruaru WCQ Regional,130,
2023-09-17,United States,Omaha WCQ Regional,240,George Sacco
2023-09-16,Italy,Saronno WCQ Regional,150,
2023-09-16,Bulgaria,Sofia WCQ Regional,100,Kostadin Kasabov
2023-09-16,Uruguay,Montevideo WCQ Regional,96,Damian Lujan
2023-09-16,United States,Pennsylvania WCQ Regional,245,Christopher Kuprianczyk
2023-09-10,South Africa,Randburg WCQ Regional,120,
2023-09-10,Italy,Torino WCQ Regional,120,Alessandro Fiorito
2023-09-10,Brazil,Arena Game Shop Remote WCQ Regional,100,
2023-09-10,Guatemala,Guatemala WCQ Regional,500,
2023-09-10,Ireland,Galway WCQ Regional,60,Mauricio Quina
2023-09-10,France,Agen WCQ Regional,155,Dorian Aubouix
2023-09-10,Belgium,Jumet WCQ Regional,100,Ugo Thys
2023-09-10,United Kingdom,Southampton WCQ Regional,80,Luke Tyler
2023-09-10,United States,Arkham Remote WCQ Regional,100,
2023-09-09,France,Tours WCQ Regional,150,Nicolas Athanasopoulos
2023-09-09,Spain,Madrid WCQ Regional,250,Jordi Wang
2023-09-09,Ecuador,Quito WCQ Regional,118,Erick Herrera
2023-09-09,Paraguay,Asunción WCQ Regional,64,Oscar Espinola
2023-09-09,Argentina,Buenos Aires WCQ Regional,240,Miguel Mollo
2023-09-09,Mexico,Mérida WCQ Regional,150,Fernando Ayala
2023-09-09,Chile,Temuco WCQ Regional,58,Kevin Campos
2023-09-09,Italy,Catania WCQ Regional,100,
2023-09-09,United Kingdom,Edinburgh WCQ Regional,69,Danny Khan
2023-09-09,Spain,Bilbao WCQ Regional,110,Eros Tamargo
2023-09-09,New Zealand,Auckland WCQ Regional,100,Cullen H.
2023-09-09,Italy,Milano WCQ Regional,155,Gianluca di Luigi
2023-09-09,Germany,Osnabrück WCQ Regional,114,
2023-09-09,Germany,Eichenau WCQ Regional,250,Matthias Fisch
2023-09-09,Croatia,Zagreb WCQ Regional,96,Luka Forjan
2023-09-09,United States,Goodlettsville WCQ Regional,220,Tanner Thompson
2023-09-09,United States,Philadelphia WCQ Regional,555,Ryan App
2023-09-03,United Kingdom,Dudley WCQ Regional,100,Luke Tyler
2023-09-03,Nicaragua,Nicaragua WCQ Regional,150,Ivan Alvarez
2023-09-03,Honduras,Tegucigalpa WCQ Regional,250,Edwin Betanco
2023-09-03,Costa Rica,Alajuela WCQ Regional,300,Alvaro Astua
2023-09-03,Netherlands,Eindhoven WCQ Regional,80,Lennard Wilms
2023-09-03,Slovenia,Ljubljana WCQ Regional,80,Tevz Kadis
2023-09-03,Germany,Dreieich WCQ Regional,331,Stanislas Carrey
2023-09-03,Belgium,Ghent WCQ Regional,100,Gabriel Huart
2023-09-03,Austria,Wien WCQ Regional,80,
2023-09-03,United States,Providence WCQ Regional,320,Logan Shepard
2023-09-02,Poland,Poznań WCQ Regional,50,Max Sossna
2023-09-02,Canada,Calgary WCQ Regional,110,Kiefer Erickson
2023-09-02,United Kingdom,Blackpool WCQ Regional,90,Joseph Middleton
2023-09-02,United States,The Side Deck Remote Duel WCQ Regional,100,
2023-09-02,United States,Las Vegas WCQ Regional,273,Jesus Barrios
2023-09-02,United States,Louisville WCQ Regional,254,Bo Smith
2023-09-02,United States,Idaho WCQ Regional,50,Johnathan Harley Gibbons
2023-09-02,United States,Fayetteville WCQ Regional,210,Aditya Dharap
2023-08-27,Jamaica,Montego Bay WCQ Regional,80,
2023-08-27,Mexico,Veracruz WCQ Regional,250,Carlos Zavaleta
2023-08-26,United States,Lubbock WCQ Regional,256,Aditya Dharep
2023-08-26,United States,South Portland WCQ Regional,230,Emerson Hall
2023-08-26,United States,Lake Worth WCQ Regional,162,Hunter Lloyd
2023-08-26,United States,Stone Mountain WCQ Regional,352,Levi Dudley
2023-08-26,United States,Hilo WCQ Regional,28,Wayland
2023-08-26,United States,Rochester WCQ Regional,218,Devan Rodriguez
2023-08-26,United States,Santa Clara WCQ Regional,451,Irvin Ochoa
2023-08-26,Canada,Montreal WCQ Regional,163,Khuram Awan
2023-08-20,Trinidad and Tobago,Chagunas WCQ Regional,133,Chris Deolall
2023-08-20,Mexico,León WCQ Regional,200,Eduardo Cortés
2023-08-20,El Salvador,San Salvador WCQ Regional,200,
2023-08-20,United States,Massachusetts WCQ Regional,340,Isaiah Houston
2023-08-19,Mexico,Hermosillo WCQ Regional,200,
2023-08-19,Chile,Santiago WCQ Regional,200,Francisco Osorio
2023-08-19,Canada,Halifax WCQ Regional,80,Jordan Couture
2023-08-19,Ecuador,Guayaquil WCQ Regional,171,Montalvo Marco
2023-08-19,Canada,Toronto WCQ Regional,380,Ryan Yu
2023-08-19,United States,The Side Deck Remote Duel WCQ Regional,100,Michael Emmanuel Grant
2023-08-19,United States,Utah WCQ Regional,128,Sam Hess
2023-08-19,United States,Houston WCQ Regional,364,James Conacher IV
2023-08-19,United States,Indianapolis WCQ Regional,500,Lee Jongwon
2023-08-19,United States,Honolulu WCQ Regional,120,Matthew Castillejos
2023-08-19,United States,Kissimmee WCQ Regional,380,Ryan Fletcher
2023-08-19,United States,Wasilla WCQ Regional,33,Robin Matthews
2023-08-13,Colombia,Bogota WCQ Regional,180,Esteban Velasquez
2023-08-13,Peru,Lima WCQ Regional,262,Jesus Flores
2023-08-13,Guam,Hagatna WCQ Regional,60,Kobe Tupaz
2023-08-13,United States,Hollywood WCQ Regional,160,Tyler Robert Weathers
2023-08-13,United States,Stay Weird Gaming Remote WCQ Regional,117,Sean Pittman
2023-08-12,United States,Springfield WCQ Regional,800,Shawn Javery
2023-08-12,United States,Yuma WCQ Regional,160,Ulises Aispuro
2023-08-12,United States,Saint Peters WCQ Regional,200,Eric (ActionYGO)
2023-08-12,Mexico,Mexico City WCQ Regional,600,Edgar Cabanas
2023-08-12,United States,Fort Worth WCQ Regional,505,Shelby Redmon
2023-08-12,United States,Richmond WCQ Regional,432,Sean Tyler Washington
2023-08-12,United States,Fargo WCQ Regional,140,Jose De Leon Carrion
2023-07-29,United States,NA Remote Duel Extravaganza,116,Carlos Perez Padilla
2023-07-08,United States,Raleigh NAWCQ Regional,16,Joel Madera
2023-06-18,United States,The Side Deck Remote WCQ Regional,127,Noah Ochs
2023-06-17,United States,Greenville WCQ Regional,267,Kion C.
2023-06-17,United States,Indianapolis WCQ Regional,500,Corey Bown
2023-06-17,United States,Niagara Falls WCQ Regional,200,Hanko Chow
2023-06-10,United States,Providence WCQ Regional,200,
2023-06-10,United States,Layton WCQ Regional,240,Kody Manabe
2023-06-10,United States,Houston WCQ Regional,456,Robert VanBuren
2023-06-10,Canada,Toronto WCQ Regional,380,Justin Tang
2023-06-10,Canada,Halifax WCQ Regional,100,Josh K.
2023-06-10,United States,Louisville WCQ Regional,360,Elijah Green
2023-06-10,United States,Boca Raton WCQ Regional,214,Lars B.
2023-06-10,United States,Philadelphia WCQ Regional,388,Jack Corcoran
2023-06-06,Spain,Vigo WCQ Regional,40,Julio Valls
2023-06-04,United States,Springfield WCQ Regional,340,Joe Giorlando
2023-06-03,United States,Missouri WCQ Regional,170,Christopher Rice
2023-06-03,United States,Fort Worth WCQ Regional,400,Denis Nadas
2023-06-03,United States,Los Angeles WCQ Regional,399,Khoa Phan
2023-05-28,Netherlands,Arnhem WCQ Regional,109,
2023-05-28,Australia,Melbourne WCQ Regional,95,Kai Ngu
2023-05-28,Canada,Regina WCQ Regional,26,
2023-05-27,Germany,Magdeburg WCQ Regional,65,Kai Czora
2023-05-27,United States,Oklahoma WCQ Regional,250,Nathaniel Martinez
2023-05-27,United States,Albuquerque WCQ Regional,160,
2023-05-27,United States,Honolulu WCQ Regional,100,
2023-05-21,United States,Pasadena WCQ Regional,126,Adamassu Williams
2023-05-21,Italy,Roma WCQ Regional,104,Alessandro Fontana
2023-05-21,Canada,Vancouver WCQ Regional,300,
2023-05-21,Canada,Burnaby WCQ Regional,100,
2023-05-21,Italy,Schio WCQ Regional,128,
2023-05-21,United States,Duluth WCQ Regional,400,Ashik Nabit
2023-05-21,New Zealand,Christchurch WCQ Regional,40,Kezza D.
2023-05-21,United States,Minneapolis WCQ Regional,320,Brooke Mason
2023-05-21,United States,Richmond WCQ Regional (CYAC),400,Terrell Lemar Locks
2023-05-20,Canada,Edmonton WCQ Regional,120,
2023-05-20,Canada,Fredericton WCQ Regional,100,
2023-05-20,United States,Las Vegas WCQ Regional (CYAC),220,Tamir Brown
2023-05-20,United States,Fargo WCQ Regional,120,
2023-05-20,United States,Baton Rouge WCQ Regional,110,
2023-05-14,Puerto Rico,San Juan WCQ Regional,80,
2023-05-14,United Kingdom,Weston Super-Mare WCQ Regional,78,
2023-05-14,United States,Knoxville WCQ Regional (CYAC),340,Luke Frangella
2023-05-14,Italy,Punta Marina Terme WCQ Regional,76,
2023-05-14,Germany,Memmingen WCQ Regional,64,Theodor Mishev
2023-05-14,Germany,Mönchengladbach WCQ Regional,196,Anthony Lopes
2023-05-14,United States,Omaha WCQ Regional,80,Zak Bassett
2023-05-14,Australia,Kingsford WCQ Regional,61,Andy Liu
2023-05-13,Australia,Brisbane WCQ Regional,64,
2023-05-13,United States,Santa Clara WCQ Regional,380,Tyler Sondhi
2023-05-13,United States,Lubbock WCQ Regional,280,Denny Vu
2023-05-07,Colombia,Cartagena WCQ Regional (CYAC),80,
2023-05-07,Switzerland,Ecublens WCQ Regional,58,Lucas Serra
2023-05-07,France,Fréjus WCQ Regional,120,
2023-05-07,Italy,Palermo WCQ Regional,128,Giuseppe Dainotti
2023-05-07,United States,Seattle WCQ Regional,300,Michael Ezana
2023-05-07,United States,Mendenhall WCQ Regional,160,Aaron Lewis
2023-05-06,United States,Stay Weird Gaming Remote WCQ Regional,51,Addison Zheng
2023-05-06,United States,Kissimmee WCQ Regional (CYAC),400,Joe Winkler
2023-05-06,France,Boulouris WCQ Regional,160,
2023-05-06,United States,Nashville WCQ Regional,128,Elijah Green
2023-05-06,United States,Portland WCQ Regional (CYAC),300,Kyle Waterbury
2023-05-06,United States,Catskill WCQ Regional,140,
2023-05-06,United States,Des Moines WCQ Regional (CYAC),280,Will Morrison
2023-05-06,United Kingdom,Canterbury WCQ Regional,128,Pasha Gandomcar
2023-05-06,Luxembourg,Mersch WCQ Regional,48,
2023-04-30,Mexico,Coatzacoalcos WCQ Regional,180,Javier Ovando
2023-04-29,France,Paris WCQ Regional,288,
2023-04-29,Brazil,Brasília WCQ Regional,72,Main Deck
2023-04-29,United States,Richmond WCQ Regional,400,Arturo Maruri Jr.
2023-04-29,Canada,Burnaby WCQ Regional,116,Oliver Wallace Desmond
2023-04-29,United States,Columbus WCQ Regional,600,Charley Futch
2023-04-29,Lithuania,Vilnius WCQ Regional,54,Mantas Mežanskas
2023-04-29,United States,Pasadena WCQ Regional,425,Kyle Alan Waterbury
2023-04-28,Saudi Arabia,Riyadh WCQ Regional,100,
2023-04-23,United States,Stay Weird Remote WCQ Regional,100,
2023-04-23,Belgium,Westende WCQ Regional,64,Solemn Gaming
2023-04-23,Panama,Panamá WCQ Regional,150,
2023-04-23,Bosnia and Herzegovina,Banja Luka WCQ Regional,48,VedoSan
2023-04-23,Italy,Catania WCQ Regional,123,
2023-04-23,Germany,Berlin WCQ Regional,235,
2023-04-23,Germany,Maintal WCQ Regional,436,Tim Bayer
2023-04-23,Mexico,Aldebaran Remote WCQ Regional,100,
2023-04-23,United States,Providence WCQ Regional,280,Kenneth Allen
2023-04-23,Australia,Perth WCQ Regional,120,
2023-04-23,Italy,Nerviano WCQ Regional,158,Alessandro Lanzani
2023-04-23,Canada,Toronto WCQ Regional,336,Joshua James Goncalves
2023-04-23,Italy,Caserta WCQ Regional,135,
2023-04-22,Australia,Brisbane WCQ Regional,100,Lachlan Robertson
2023-04-22,Mexico,Mérida WCQ Regional,200,Karim Sibaja
2023-04-22,New Zealand,Palmerstorm North WCQ Regional,39,Matt Wilson
2023-04-22,Hungary,Gyor WCQ Regional,100,
2023-04-22,United States,Kentucky WCQ Regional,240,
2023-04-22,Germany,Osnabrück WCQ Regional,150,
2023-04-16,United Kingdom,Saint Austell WCQ Regional,60,Tim Cox
2023-04-16,Spain,Valencia WCQ Regional,89,Joan Montilla
2023-04-16,United States,Des Moines WCQ Regional,270,Daniel Savage
2023-04-15,Venezuela,"Valencia, Venezuela WCQ Regional",120,Miguel Ohep
2023-04-15,Italy,Bolzano WCQ Regional,150,
2023-04-15,Slovenia,Ljubljana WCQ Regional (April 2023),120,
2023-04-15,Italy,Alessandria WCQ Regional,150,Matteo Rimondini
2023-04-15,Mexico,Mexico City WCQ Regional,116,
2023-04-15,Croatia,Zagreb WCQ Regional (April Spring Challenge),83,Karlo Lukic
2023-04-15,Germany,German Open (Karlsruhe WCQ Regional),480,Niko Schlierkamp
2023-04-15,United States,The Side Deck Remote WCQ Regional,116,Nick Santucci
2023-04-15,United States,Knoxville WCQ Regional,340,Elijah Green
2023-04-15,United States,Mendenhall WCQ Regional,160,Ashton Khamphilavong
2023-04-15,Australia,Chatswood WCQ Regional,72,Kiet Ngo
2023-04-09,Netherlands,Zoetermeer WCQ Regional,100,
2023-04-09,United States,Tuscaloosa WCQ Regional,266,James Beasley
2023-04-09,United States,Las Vegas WCQ Regional,140,Connor William Albury
2023-04-09,Greece,Athens WCQ Regional,248,Stavros Vitsentsatos
2023-04-08,Mexico,Oaxaca de Juarez WCQ Regional,70,
2023-04-08,United Kingdom,Nottingham WCQ Regional,100,
2023-04-08,United States,San Jose WCQ Regional,112,
2023-04-08,Spain,Cartagena WCQ Regional,100,
2023-04-08,Peru,Lima WCQ Regional,110,Luis Huamanchumo
2023-04-08,United States,Niagara WCQ Regional,150,Lucas
2023-04-08,Spain,Barcelona WCQ Regional,90,Jordi Wang
2023-04-08,Switzerland,Thalwil WCQ Regional,142,Firat Karatas
2023-04-08,Spain,Zaragoza WCQ Regional,80,
2023-04-08,United States,Fort Worth WCQ Regional,550,Zaky Obeid
2023-04-08,Ecuador,Guayaquil WCQ Regional,100,Alejandro Ordoñes
2023-04-06,United Kingdom,Cheltenham WCQ Regional,90,Jessica Robinson
2023-04-01,Finland,Vantaa WCQ Regional (April 2023),48,
2023-03-26,United Kingdom,Norwich WCQ Regional,67,
2023-03-26,Portugal,Amadora WCQ Regional,50,Afonso Marcelino
2023-03-26,Albania,Albania WCQ Regional,25,Lorin K.
2023-03-26,France,Mulhouse WCQ Regional,278,
2023-03-25,Austria,Mödling WCQ Regional,75,
2023-03-25,Spain,Zaragoza WCQ Regional,78,
2023-03-25,United States,Salem WCQ Regional,87,Connor Rosenstein
2023-03-25,United Kingdom,Manchester WCQ Regional,78,Jamie Ormerod
2023-03-25,Denmark,Odense WCQ Regional,60,Max Hjort Nielsen
2023-03-25,France,Vitrolles WCQ Regional,150,Camille Chanal
2023-03-25,Germany,Köln WCQ Regional,260,Ben Kreutzkamp
2023-03-25,Canada,Dartmouth WCQ Regional,80,Josh Kirby
2023-03-25,United States,Philadelphia WCQ Regional,550,Enzo Fiallos
2023-03-19,Guatemala,Guatemala WCQ Regional,89,
2023-03-19,United States,San Jose WCQ Regional,98,
2023-03-19,Canada,Winnipeg WCQ Regional,102,
2023-03-19,Italy,Crema WCQ Regional,56,Bertu
2023-03-19,Brazil,Rio de Janeiro WCQ Regional,67,Matheus Braga
2023-03-19,Germany,Kaiserslautern WCQ Regional,170,Adrian Dursun
2023-03-19,Mexico,Monterrey WCQ Regional,140,Adrian Ambriz Sosa
2023-03-19,United States,Omaha WCQ Regional,194,
2023-03-19,Netherlands,Dutch Open (Hekelingen WCQ Regional),256,Din Khang Pham
2023-03-18,Mexico,Tijuana WCQ Regional,43,Nicolás González
2023-03-18,France,Nantes WCQ Regional,45,
2023-03-18,Canada,Saskatchewan WCQ Regional,100,Cody Roulette
2023-03-18,United States,Houston WCQ Regional,105,Michael Tamez
2023-03-18,Chile,Santiago WCQ Regional,128,Sebastian Sieguel
2023-03-18,United States,Indianapolis WCQ Regional,600,Eli Mcardle
2023-03-18,United States,Reading WCQ Regional,250,Tyler Bendel
2023-03-18,New Zealand,Dunedin WCQ Regional,25,Andrew D.
2023-03-18,United States,Kissimmee WCQ Regional,452,Illya Higdon
2023-03-18,United Kingdom,UK Open Peckham 2023,266,Alessio Cefola
2023-03-05,France,Rouen WCQ Regional,56,Dorian Cacitti-Holland
2023-03-04,New Zealand,New Zealand Open (Auckland WCQ Regional),104,Sinisa B.
2023-02-26,Netherlands,Eindhoven WCQ Regional,80,
2023-02-26,United States,Hartford WCQ Regional,120,Jose Miguel Lopez Zamarano
2023-02-26,Chile,Arica WCQ Regional,108,Andres Arredondo
2023-02-26,Italy,Altamura WCQ Regional,116,Giuseppe Calabrese
2023-02-26,United States,Duluth WCQ Regional,414,Dylan Fox
2023-02-26,Mexico,Oaxaca de Juárez WCQ Regional,112,Ricardo Ruiz Mendoza
2023-02-26,Bolivia,Santa Cruz de la Sierra WCQ Regional,112,Ricardo Von Landwuest
2023-02-26,Honduras,San Pedro Sula,112,Mario Moncada
2023-02-26,Brazil,Sao Paulo WCQ Regional,147,Vitor Koerner
2023-02-26,Spain,León WCQ Regional,78,Carlos Coronel
2023-02-26,Netherlands,Eindhoven WCQ Regional,93,
2023-02-26,Slovenia,Ljubljana WCQ Regional,73,
2023-02-26,Ireland,Dublin WCQ Regional,42,Deano Mclelland
2023-02-25,France,Bègles WCQ Regional,100,
2023-02-25,Belgium,Jumet WCQ Regional,54,Ugo Thys
2023-02-25,Croatia,Zagreb WCQ Regional,93,Alen Kazalac
2023-02-25,United States,Shreveport WCQ Regional,106,Creighton Pree
2023-02-25,Canada,Moncton WCQ Regional,64,Josh Kirby
2023-02-19,Colombia,Bogota WCQ Regional,86,Angel David Avila Mesa
2023-02-18,United Kingdom,Newcastle WCQ Regional,54,Bernando Godinho
2023-02-18,Mexico,Xalapa WCQ Regional,54,Jesus Paredes
2023-02-18,Dominican Republic,Santo Domingo WCQ Regional,74,Giancarlo Valdez
2023-02-18,United States,Pennsylvania WCQ Regional,220,
2023-02-18,Germany,Hamburg WCQ Regional,61,Dinh Khang Pham
2023-02-18,Hungary,Debrecen WCQ Regional,50,Zsombor Havasi
2023-02-11,Canada,Montreal WCQ Regional,120,
2023-02-11,United States,Seattle WCQ Regional (Feb 2023),213,Leonidas McMillan
2023-02-04,United States,Richmond WCQ Regional,200,
2023-02-04,United States,Richmond WCQ Regional,270,Chase Conklin
2023-01-29,Slovenia,Ljubljana WCQ Regional,46,
2023-01-29,Italy,Ravenna WCQ Regional,45,Francesco Ercolani
2023-01-29,Italy,La Speiza WCQ Regional,74,Corrado Zecca
2023-01-29,Finland,Vantaa WCQ Regional,32,
2023-01-29,Switzerland,Eclubens WCQ Regional,100,
2023-01-29,Italy,Bari WCQ Regional,150,
2023-01-29,Switzerland,Eclubenz WCQ Regional,52,Jeremy Bays
2023-01-29,Netherlands,Arnhem WCQ Regional,64,Rutger van Nijen
2023-01-29,United Kingdom,Glasgow WCQ Regional,123,James Woodward
2023-01-29,United Kingdom,Portsmouth WCQ Regional,128,Conor Zhou
2023-01-28,Switzerland,Bern WCQ Regional,56,Guillaume Maron
2023-01-28,Italy,Aversa WCQ Regional,42,Alfredo Orlando
2023-01-28,Mexico,Guadalajara WCQ Regional,45,Esciquio Burgos
2023-01-28,Switzerland,Bern WCQ Regional,64,Guillaume Maron
2023-01-28,Germany,Berlin WCQ Regional,142,Ben Krutzkamp
2023-01-28,United Kingdom,Preston WCQ Regional,97,James Woodward
2023-01-28,Germany,Freiburg WCQ Regional,122,Richard Schaber
2023-01-22,Germany,Kaiserslautern WCQ Regional,70,
2023-01-22,United States,Omaha WCQ Regional,103,Lucas Sacco
2023-01-22,Denmark,Copenhagen WCQ Regional,40,Philip Nørhart
2023-01-22,Australia,Penrith WCQ Regional,100,Andy Liu
2023-01-21,Canada,Toronto WCQ Regional,300,
2023-01-21,Germany,Löbau WCQ Regional,100,
2023-01-21,New Zealand,Christchurch WCQ Regional (January 2023),70,Liam Gill
2023-01-21,United States,The Side Deck Remote Duel WCQ Regional,54,Cameron Neal
2023-01-21,Lithuania,Kaunas WCQ Regional,40,Žilvinas Banišauskas
2023-01-18,Israel,Tel Aviv WCQ Regional,100,
2023-01-15,Italy,Rome WCQ Regional,205,Alessio Cefola
2023-01-14,Italy,Cesano Maderno WCQ Regional,40,
2023-01-14,United States,Indianapolis WCQ Regional,150,
2023-01-14,United States,South Carolina WCQ Regional,254,
2023-01-14,Canada,Regina WCQ Regional,56,
2023-01-14,United States,Lubbock WCQ Regional,112,
2023-01-14,Bolivia,Cochamba WCQ Regional,66,Fernando Morales Mamani
2023-01-14,United States,Lubbock WCQ Regional,200,Maxell Ngoc
2023-01-14,Brazil,Viamão WCQ Regional,48,Leonardo Santos
2023-01-14,New Zealand,Wellington WCQ Regional,80,Shayne B.
2023-01-08,United States,Springfield WCQ Regional,130,
2023-01-08,France,Vire WCQ Regional,90,
2023-01-08,France,Angers WCQ Regional,67,
2023-01-08,United States,Albuquerque WCQ Regional,81,
2023-01-08,Italy,Italian Open (Bologna WCQ Regional),450,Vincenzo Orofino
2023-01-07,United Kingdom,Chelmsford WCQ Regional,100,
2023-01-07,United States,Springfield WCQ Regional,131,
2023-01-07,United States,Goodlettsville WCQ Regional,89,Aaron Levy
2023-01-07,United Kingdom,Chelmsford WCQ Regional,56,Shaun Harris
2023-01-07,Venezuela,Puerto Ordaz WCQ Regional,58,Emil Beecha
2023-01-07,United States,St. Louis WCQ Regional,80,Peter Kontominas
2023-01-07,Venezuela,Puerto Ordaz WCQ Regional,60,Emil Beecha
2023-01-07,United States,Queens WCQ Regional,402,Hansel Aguero
2023-01-07,United States,Utah WCQ Regional,116,Kevin Ponce
2023-01-07,Germany,Köln WCQ Regional,264,Alexander S.
2023-01-07,Austria,Klagenfurt WCQ Regional,40,Krnel Kajetan
2022-12-24,Israel,Jerusalem WCQ Regional,60,Ben Salach
2022-12-18,Slovenia,Ljubljana WCQ Regional,80,Boštjan Kociper
2022-12-18,Panama,Panama WCQ Regional,87,Joel Santos
2022-12-18,United States,Seattle WCQ Regional,235,Matthew Bauer
2022-12-18,Mexico,Coatzacoalcos WCQ Regional,150,Daniel Humberto
2022-12-18,Cuba,Havana WCQ Regional,70,Eddy Valdes
2022-12-18,Germany,German Open (Frankfurt WCQ Regional),734,Din Khang Pham
2022-12-18,United States,Gamer's Choice WCQ Regional,103,Edwin Malave
2022-12-17,Serbia,Belgarde WCQ Regional,100,
2022-12-17,Brazil,Belo Horizonte WCQ Regional,100,
2022-12-17,Netherlands,Eindhoven WCQ Regional,80,
2022-12-17,Panama,Panama WCQ Regional,68,Joel Santos
2022-12-17,Argentina,Buenos Aires WCQ Regional,151,Nico Caceres
2022-12-17,United States,Madison WCQ Regional (December 2022),200,Cody Makela
2022-12-17,United States,Las Vegas WCQ Regional,155,Austin Anthony
2022-12-17,United States,Fort Worth WCQ Regional (December 2022),408,Kobe Short
2022-12-17,United States,Philadelphia WCQ Regional (December 2022),480,Johnny Nguyen
2022-12-12,Ireland,Dublin WCQ Regional,58,Adam Crowe
2022-12-11,Mexico,Queretaro WCQ Regional,45,Alan Román
2022-12-11,Honduras,Tegucigalpa WCQ Regional,64,Luis Arturo
2022-12-10,Australia,Greensborough WCQ Regional,89,Jack Hargreaves
2022-12-04,United States,Detroit WCQ Regional,132,
2022-12-04,France,Nantes WCQ Regional,116,
2022-12-04,Nicaragua,Managua WCQ Regional,85,Kevin Gonzalez
2022-12-04,Poland,Wroclaw WCQ Regional,24,Rene H.
2022-12-04,United States,Tinley Park WCQ Regional,250,Charley Futch
2022-12-04,United States,Sioux Falls WCQ Regional,200,Philip Burton
2022-12-04,France,Montpellier WCQ Regional,124,Burgals Pierre
2022-12-03,Sweden,Stockholm WCQ Regional,100,
2022-12-03,Spain,Barcelona WCQ Regional,160,Eithan Brenner
2022-12-03,Paraguay,Asunción WCQ Regional,95,Oscar Palacios
2022-12-03,United States,Detroit WCQ Regional,100,Steven Santoli
2022-11-27,Italy,Pisa WCQ Regional,100,Michele Aimi
2022-11-27,Germany,Bielefeld WCQ Regional,90,
2022-11-27,Germany,Bielefeld WCQ Regional,108,Din Khang Pham
2022-11-27,France,Nancy WCQ Regional,141,Rouget Yannis
2022-11-26,South Africa,Durban WCQ Regional,100,
2022-11-12,United States,Ridgeland WCQ Regional,150,
2022-11-12,Chile,Chile WCQ Regional,80,
2022-11-12,United States,Wichita WCQ Regional,102,Roman Kelley
2022-11-12,New Zealand,Hamilton WCQ Regional,66,Michael D
2022-11-06,United States,Burnaby WCQ Regional,150,
2022-11-06,Italy,Perugia WCQ Regional,100,
2022-11-06,Peru,Lima WCQ Regional,45,Jose Alzamora
2022-11-06,Italy,Modena WCQ Regional,56,
2022-11-06,Mexico,Merida WCQ Regional,104,Raúl Aguilar
2022-11-06,United States,West Virginia WCQ Regional,122,Louis Thomas Orem
2022-11-06,United States,Arkansas WCQ Regional,86,
2022-11-05,United States,Florida WCQ Regional,105,Daniel Giancola
2022-10-30,United States,Side Deck Remote Duel Regional Qualifier,50,Shunping Xu
2022-10-29,United States,Santa Clara WCQ Regional,204,Alex Barker
2022-10-29,Canada,Montreal WCQ Regional,104,Mustapha (TheMooseYGO)
2022-10-29,United States,Tulsa WCQ Regional,417,
2022-10-29,United States,Catskill WCQ Regional,400,Shunping Xu
2022-10-22,United States,Los Angeles WCQ Regional,200,
2022-10-22,Canada,Fredericton WCQ Regional,60,Team Solemn Circus
2022-10-09,Spain,Barcelona WCQ Regional,61,Julio Valls
2022-10-09,Spain,Barcelona WCQ Regional,150,Julio Valls
2022-10-08,United States,Alaska WCQ Regional,78,
2022-10-08,United States,Missouri WCQ Regional,80,Jackson Madden
2022-10-08,United States,Omaha WCQ Regional,107, Colin Gurney
2022-10-08,Canada,Moncton WCQ Regional,104,Angus Miller
2022-10-08,United States,Lubbock WCQ Regional,104,Bradley William Dowley
2022-10-08,Australia,Narellan WCQ Regional,122,Fox
2022-10-08,New Zealand,Christchurch WCQ Regional,90,Andrew D.
2022-10-02,Spain,Valencia WCQ Regional,100,
2022-10-02,Colombia,Medellín WCQ Regional,100,
2022-10-02,Italy,Rome WCQ Regional,146,
2022-10-01,United States,Fayetteville WCQ Regional,120,
2022-10-01,Germany,Oldenburg WCQ Regional,56,Zio Mundry
2022-09-18,Brazil,Ilusões industriais WCQ Regional,65,João Vicente Mezacasa Weiand
2022-09-18,Italy,Olbia WCQ Regional,49,Luca Moi
2022-09-18,Bolivia,Santa Cruz WCQ Regional,203,Andrey Flores
2022-09-18,Argentina,Rosario WCQ Regional,109,M. Orquera
2022-09-18,Germany,Dreieich WCQ Regional,366,Joshua Schmidt
2022-09-17,United States,Massachusetts WCQ Regional,200,
2022-09-17,Poland,Poland WCQ Regional,77,Jonasz Pilat
2022-09-17,United States,Philadelphia WCQ Regional,514,Nicholas Ma
2022-09-11,Panama,Panama WCQ Regional,59,Richard Garcia
2022-09-10,United States,Florida WCQ Regional,100,
2022-09-10,United States,Los Angeles WCQ Regional,976,Joseph Rodriguez 
2022-09-09,Brazil,Manaus WCQ Regional,150,
2022-09-03,United States,Indianapolis WCQ Regional,130,Jensen Kellett
2022-09-03,Mexico,Mexico City WCQ Regional,67,Nicolás Del Campo
2022-09-03,Honduras,Honduras WCQ Regional,65,Lesvin J. Lopez
2022-09-03,Argentina,Argentina WCQ Regional,45,
2022-09-03,Chile,Chile WCQ Regional,43,Nicolás Del Campo
2022-08-27,United States,Detroit WCQ Regional,140,
2022-08-27,United States,Dubuque WCQ Regional,150,
2022-08-21,El Salvador,El Salvador WCQ Regional,45,Bequer Ventura
2022-08-14,Canada,Barnaby WCQ Regional,76,Jim Li
2022-08-14,Canada,Vancouver WCQ Regional,76,
2022-08-14,United States,Illinois WCQ Regional,500,T.J. Richmond
2022-08-14,Canada,Halifax WCQ Regional,50,Sean Carr
2022-08-13,United States,Alaska WCQ Regional,100,
2022-08-07,United States,Stay Weird Gaming Remote WCQ Regional,150,Anthony Xu
2022-08-06,United States,Knoxville WCQ Regional,200,Aaron Levy
2022-08-06,Bolivia,Bolivia WCQ Regional,46,
2022-08-06,Ecuador,Quito WCQ Regional,67,Paul Delgado
2022-08-06,Canada,Toronto WCQ Regional,78,Mert Ozbek
2022-08-06,United States,Edison WCQ Regional,108,Sajidul Chowdury
2022-08-06,United States,Columbus WCQ Regional,98,Charley Futch
2022-08-06,United States,Fort Worth WCQ Regional,103,RJ
2022-08-06,United States,St. Louis WCQ Regional,87,Mike Thomas
2022-08-06,United States,South Dakota WCQ Regional,214,Brooke Mason
2022-07-03,United States,Wisconsin WCQ Regional,150,
2022-06-26,Spain,Barcelona WCQ Regional,78,Favio Hernandez
2022-06-26,Spain,Zaragoza WCQ Regional,48,Jordi Wang
2022-06-12,United States,Houston WCQ Regional,100,
2022-06-05,Canada,Toronto WCQ Regional,250,
2022-06-05,United States,Atlanta WCQ Regional,100,Aaron Levy
2022-06-04,Canada,Ottawa WCQ Regional,100,
2022-06-04,New Zealand,Christchurch NZ State Championships,45,James E
2022-06-04,United States,Hartford WCQ Regional,354,James Markowitz
2022-05-21,El Salvador,El Salvador National Championships,100,Kelvin Pineda
2022-05-21,Ecuador,Ecuador National Championship,140,Enrique Toledo
2022-05-21,Sweden,Sweden National Championship,160,Loa Strandberg
2022-05-21,United States,Las Vegas WCQ Regional,200,Chancy Wigglestove
2022-05-21,Canada,Moncton WCQ Regional,100,Carter Bird
2022-05-21,Spain,Spain National Championship,150,Julio Valls
2022-05-21,United States,Richmond WCQ Regional,150,Michael Howard
2022-05-21,New Zealand,Hamilton WCQ Regional,56,James H.
2022-05-21,United States,Dallas WCQ Regional,107,Barron Wolter
2022-05-21,United States,Louisville WCQ Regional,154,Alex
2022-05-21,United States,Minneapolis WCQ Regional,323,Zohair Khan
2022-05-15,United States,Omaha WCQ Regional,150,Kyle Shook
2022-05-14,United States,Knoxville WCQ Regional,160,
2022-05-08,Italy,Rome WCQ Regional,89,
2022-05-07,United States,Philadelphia WCQ Regional,102,Will Newson
2022-05-07,United States,The Side Deck WCQ Regional,140,Tej Amin
2022-04-30,United States,Wisconsin WCQ Regional,200,
2022-04-30,New Zealand,Auckland WCQ Regional,42,Connor B.
2022-04-30,United States,Hartford WCQ Regional,254,Elias Tsirogiannis
2022-04-24,United States,Salem WCQ Regional,100,Tristan Bridges
2022-04-24,United States,Houston WCQ Regional,150,Hector O.
2022-04-24,United States,Fayetteville Arkansas WCQ Regional,150,Kristian Squire
2022-04-24,United States,Detroit WCQ Regional,364,David Roderick Frandle
2022-04-23,Germany,Cologne WCQ Regional,120,Jan S.
2022-04-17,Canada,Carta Magica WCQ Regional,56,Marcus Brink
2022-04-16,United States,Edison NJ WCQ Regional,574,Damien Zlatkis
2022-04-10,United States,Denver WCQ Regional,150,
2022-04-10,Australia,Dandenong WCQ Regional,100,
2022-04-03,United States,Vegas WCQ Regional,325,Brandon W
2022-03-26,France,Mulhouse WCQ Regional,76,William Linard
2022-03-26,United States,Indiana WCQ Regional,103,Clifton Scott Land II
2022-03-26,United States,Lubbock WCQ Regional,453,Maxell Nguyen
2022-03-20,Germany,Würzburg WCQ Regional,150,Richard S.
2022-03-19,Colombia,Colombia WCQ Regional,214,Joset Rojas
2022-03-12,Germany,Cologne WCQ Regional,120,Amel Krijestorac
2022-03-06,Italy,Messina WCQ Regional,120,Davide Restivo
2022-03-06,Australia,New South Wales WCQ Regional,60,
2022-02-20,South Africa,Johannesburg WCQ Regional,80,Robert Miles
2022-01-16,New Zealand,Auckland WCQ Regional,50,Connor M
2022-01-15,New Zealand,New Zealand WCQ Regional,102,Sam M.
2022-01-02,United States,The Side Deck Regional,105,Alex Carbo
2021-12-05,United States,Core TCG Regional,120,Colby Ng
2021-12-05,United States,Hawaii WCQ Regional,67,Robert Phinazee
2021-11-30,United Kingdom,Melksham WCQ Regional,100,JY Shariff
2021-11-30,United Kingdom,Kent WCQ Regional,100,Gabriel Netz
2021-11-28,United States,The Side Deck NA WCQ Regional,150,Anthony Xu
2021-11-21,United States,LCS Pak Tournament,500,Arikado
2021-11-14,United States,Alternate Universes NA WCQ Regional,150,Christopher Lin
2021-11-13,Austria,Graz WCQ Regional,54,Ilian E.
2021-11-07,United States,The Side Deck NA WCQ Regional,150,Carlos Andres Perez Padilla
2021-11-06,Luxembourg,Luxembourg WCQ Regional,100,Adnan Kamick
2021-11-06,Luxembourg,Luxembourg WCQ Regional,45,Adnan Kamick
2021-11-01,United States,NA Remote Duel Invitational,500,Denis Nadas
2021-09-05,United Kingdom,UK Remote Duel Invitational Qualifiers,160,Owen W.
2021-08-29,United States,NA Remote Duel Invitational,200,Rehan Saeed
2021-08-22,United Kingdom,UK Remote Duel Extravaganza,300,Jannes W.
2021-08-22,Germany,DE Remote Duel Extravaganza (August),69,Eteeyen I.
2021-07-18,United States,LCS XV,384,BoJohn14
2021-06-27,United States,NA Remote Duel Extravaganza,128,Yishan McNabb
2021-06-20,United States,LCS XIV,342,Blake Funderburke
2021-06-06,United Kingdom,UK Remote Duel Extravaganza,250,Vladis B.
2021-06-06,Germany,Benelux Remote Duel Extravaganza,100,Joshua Oosters
2021-05-29,Austria,Graz WCQ Regional,89,Timotej C.
2021-05-23,United States,Remote Duel Extravaganza,300,Daniel Palchik
2021-05-16,United Kingdom,UK/IR Remote Duel Extravaganza,250,Vladis B.
2021-05-16,Denmark,Denmark Remote Duel Extravaganza,200,Tim M.
2021-05-14,New Zealand,TCG Collector NZ WCQ Regional,80,Andrew D.
2021-04-11,United States,LCS XII,252,Sebastian Todd
2021-03-13,United States,LCS XI,374,Ben Kreutzkamp
2020-11-28,New Zealand,Auckland WCQ Regional,50,Dino S
2020-03-15,New Zealand,Dunedin WCQ Regional,54,Keelan P
2020-03-01,United States,Lenexa WCQ Regional,134,Denny Vu
2020-03-01,United States,San Antonio WCQ Regional,120,Kobe Short
2020-02-22,New Zealand,Hamilton WCQ Regional,56,Dino S
2020-02-22,New Zealand,Wellington WCQ Regional,62,Brady
2020-02-09,United States,Pasadena WCQ Regional,702,Ulises Aispuro
2020-02-02,Canada,Montreal WCQ Regional,98,Daniel Cook
2020-02-02,New Zealand,Christchurch WCQ Regional,43,Phillip A.
2020-02-02,New Zealand,Auckland WCQ Regional,58,Dino Spasovski
2019-12-22,Panama,Chiriqui WCQ Regional,41,Aurelio Ferguson
2019-12-15,New Zealand,Hastings WCQ Regional,32,Russel Tangiwai
2019-11-17,France,Bordeaux WCQ Regional,56,Lucas Gaucher
2019-11-17,Italy,Renate WCQ Regional,58,Collins Amiekhamhe
2019-11-02,New Zealand,Whangarei WCQ Regional,34,Naibo Yin
2019-10-27,United States,Tulsa WCQ Regional,140,Lane Frazier
2019-10-13,New Zealand,Auckland WCQ Regional,56,Naibo Yin
2019-09-15,Panama,Chiriqui WCQ Regional,39,Rolando Gordon
2019-09-08,Argentina,Buenos Aires WCQ Regional,56,Leonardo Leone
2019-09-01,United States,Omaha WCQ Regional,76,Dallas Hoffman
2019-09-01,Panama,Panama City WCQ Regional,69,Angel Ovalle
2019-08-25,United States,Tulsa WCQ Regional,110,Taylor Sullivan
2019-06-30,Germany,Utrecht WCQ Regional,1900,Gabriel Soussi
2019-05-25,United States,Lenexa WCQ Regional,104,Dakota Ritchey
2019-04-13,United States,Altoona WCQ Regional,129,Romello Wilson
2019-04-07,United States,Tulsa WCQ Regional,129,Brent Winters
2019-03-31,New Zealand,Dunedin WCQ Regional,35,Michael Soper
2019-03-23,Spain,Madrid WCQ Regional,64,Eduardo Fernandez
2019-03-03,Colombia,Bogota WCQ Regional,54,Camilo Antonio Sanchez
2019-02-23,New Zealand,Auckland WCQ Regional,44,Dino Spasovski
2019-02-17,Canada,Montreal WCQ Regional,87,Kevin Rodrigues
2019-02-10,United States,Omaha WCQ Regional,101,Gavin Andrews
2018-12-16,Panama,Panama City WCQ Regional,42,Raymond Rodriguez
2018-12-09,United States,Bloomington WCQ Regional,78,Mason Mattila
2018-12-09,United States,St. Louis WCQ Regional,121,Keem
2018-11-18,New Zealand,Christchurch WCQ Regional,34,James Rodriguez
2018-11-11,United States,Fargo WCQ Regional,89,Bryce Jones
2018-11-11,New Zealand,Christchurch WCQ Regional,42,Andrew Doodson
2018-11-04,Honduras,Honduras WCQ Regional,118,Polidecto Jesus
2018-10-20,United States,Tulsa WCQ Regional,150,Taylor Massey
2018-10-07,United States,San Antonio WCQ Regional,150,
2018-10-07,France,Saint Andre WCQ Regional,37,Bègue Jonathan
2018-09-18,Canada,Toronto WCQ Regional,322,Jesse Dean Kotton
2018-08-26,United States,San Antonio WCQ Regional,150,
2018-03-11,Ireland,Dublin WCQ Regional,100,Alfie Morton
2018-03-10,New Zealand,Wellington WCQ Regional,53,Thomas Bailey
2018-02-18,Ireland,Dublin WCQ Regional,50,
2018-02-10,Honduras,Chiminike WCQ Regional,56,Mario Moncada
2018-01-06,New Zealand,Wellington WCQ Regional,37,Josh McMillan
2017-05-21,United States,San Antonio WCQ Regional,130,Avery Foster
2017-04-08,Germany,Cologne WCQ Regional,282,Pierre K
2017-04-01,Germany,Frankfurt WCQ Regional,117,Nico S
2017-03-12,Canada,Winnipeg WCQ Regional,150,
2017-02-26,Sweden,Orebro WCQ Regional,70,Herman Hansson
2017-01-07,New Zealand,Auckland WCQ Regional,36,Gavin Wu
2016-10-22,Germany,Frankfurt WCQ Regional,145,Jean-Philipp S.
2016-05-14,United Kingdom,Birmingham WCQ Regional,150,Tom Deroy Jones
2016-05-07,Germany,Frankfurt WCQ Regional,150,Andreas G
2016-04-24,United Kingdom,Newcastle WCQ Regional,45,Allisdair Bowman
2015-12-19,United Kingdom,Birmingham WCQ Regional,100,
